date,open,high,low,close,volume,tradecount
31/10/2021,61859.19,62405.3,59945.36,61299.8,2396556477,1563417
30/10/2021,62253.7,62359.25,60673,61859.19,1937860260,1197748
29/10/2021,60575.9,62980,60174.81,62253.71,2706090987,1417344
28/10/2021,58413.44,62499,57820,60575.89,3677629851,1878275
27/10/2021,60328.81,61496,58000,58413.44,3688306193,1913083
26/10/2021,63078.78,63293.48,59817.55,60328.81,2492606133,1334460
25/10/2021,60852.22,63710.63,60650,63078.78,2309339650,1270453
24/10/2021,61286.75,61500,59510.63,60852.22,1889694559,1052085
23/10/2021,60688.23,61747.64,59562.15,61286.75,1686121722,982103
22/10/2021,62193.15,63732.39,60000,60688.22,3229377744,1555280
21/10/2021,66001.4,66639.74,62000,62193.15,4407757971,2181665
20/10/2021,64280.59,67000,63481.4,66001.41,3362878816,1823286
19/10/2021,62005.6,64486,61322.22,64280.59,3370863940,1755708
18/10/2021,61528.32,62695.78,59844.45,62009.84,3195091233,1629184
17/10/2021,60875.57,61718.39,58963,61528.33,2371696295,1331655
16/10/2021,61672.42,62378.42,60150,60875.57,2173374059,1360379
15/10/2021,57347.94,62933,56850,61672.42,4959389369,2649137
14/10/2021,57370.83,58532.54,56818.05,57347.94,2481915792,1372048
13/10/2021,55996.91,57777,54167.19,57367,3123307687,1610489
12/10/2021,57471.35,57680,53879,55996.93,3017210683,1554412
11/10/2021,54659.01,57839.04,54415.06,57471.35,2994673618,1690409
10/10/2021,54949.72,56561.31,54080,54659,4923958325,2427176
9/10/2021,53955.67,55489,53661.67,54949.72,3024862791,1609483
8/10/2021,53785.22,56100,53617.61,53951.43,2522087625,1548832
7/10/2021,55315,55332.31,53357,53785.22,2983143121,1703147
6/10/2021,51471.99,55750,50382.41,55315,4236927265,2443126
5/10/2021,49224.93,51886.3,49022.4,51471.99,2618101829,1641651
4/10/2021,48200.01,49536.12,46891,49224.94,2258464361,1437692
3/10/2021,47634.89,49228.08,47088,48200.01,1482764462,1114294
2/10/2021,48141.6,48336.59,47430.18,47634.9,1459064881,996116
1/10/2021,43820.01,48495,43283.03,48141.61,3076094887,1771237
30/09/2021,41524.29,44141.37,41410.17,43824.1,2005486004,1197815
29/09/2021,41025.01,42590,40753.88,41524.28,1399625476,884909
28/09/2021,42147.35,42787.38,40888,41026.54,1816305388,1045389
27/09/2021,43160.9,44350,42098,42147.35,1728912300,1001487
26/09/2021,42670.63,43950,40750,43160.9,2124657079,1374145
25/09/2021,42810.58,42966.84,41646.28,42670.64,1428238748,949787
24/09/2021,44865.26,45200,40675,42810.57,3596718231,1819744
23/09/2021,43546.37,44978,43069.09,44865.26,2147211305,1196106
22/09/2021,40734.09,44000.55,40565.39,43543.61,2482639472,1304011
21/09/2021,43016.64,43639,39600,40734.38,3551997787,1820721
20/09/2021,47241.75,47347.25,42500,43015.62,3457139274,1842231
19/09/2021,48292.75,48372.83,46829.18,47241.75,1421642879,909785
18/09/2021,47299.98,48843.2,47035.56,48292.74,1491461628,976346
17/09/2021,47737.81,48150,46699.56,47299.98,1637122049,1033968
16/09/2021,48121.4,48557,47021.1,47737.82,1948447233,1176129
15/09/2021,47103.28,48500,46682.32,48121.41,2056996399,1176050
14/09/2021,44940.72,47250,44594.44,47111.52,2072259519,1210258
13/09/2021,46025.23,46880,43370,44940.73,2930668118,1703512
12/09/2021,45173.68,46460,44742.06,46025.24,1464780920,1179808
11/09/2021,44842.2,45987.93,44722.22,45173.69,1380370764,1060890
10/09/2021,46395.14,47033,44132.29,44850.91,2243698626,1569941
9/09/2021,46048.31,47399.97,45513.08,46395.14,2351862984,1567586
8/09/2021,46868.57,47340.99,44412.02,46048.31,3000605794,1796101
7/09/2021,52666.2,52920,42843.05,46863.73,6004105773,3321711
6/09/2021,51756.88,52780,50969.33,52663.9,2549290983,1678015
5/09/2021,49917.54,51900,49450,51756.88,2049212026,1417660
4/09/2021,49998,50535.69,49370,49915.64,1733527136,1225830
3/09/2021,49246.63,51000,48316.84,49999.14,2949574478,1645163
2/09/2021,48810.51,50450.13,48584.06,49246.64,2704192315,1549849
1/09/2021,47100.89,49156,46512,48810.52,2386074445,1280384
31/08/2021,46982.91,48246.11,46700,47100.89,2303799571,1300400
30/08/2021,48767.84,48888.61,46853,46982.91,1932344431,1204012
29/08/2021,48895.35,49632.27,47762.54,48767.83,1588661416,1193046
28/08/2021,49069.9,49299,48346.88,48895.35,1303966036,793012
27/08/2021,46843.86,49149.93,46348,49069.9,2007071230,1320503
26/08/2021,48973.32,49352.84,46250,46843.87,2333900030,1532753
25/08/2021,47674.01,49264.3,47126.28,48973.32,2149442272,1559186
24/08/2021,49488.85,49860,47600,47674.01,2486079316,1692896
23/08/2021,49239.22,50500,49029,49488.85,2616721364,2143309
22/08/2021,48821.88,49500,48050,49239.22,1807169840,1610192
21/08/2021,49322.47,49757.04,48222,48821.87,2290966131,2069725
20/08/2021,46760.62,49382.99,46622.99,49322.47,2721131744,1950404
19/08/2021,44699.37,47033,43927.7,46760.62,2416320067,1774382
18/08/2021,44695.95,46000,44203.28,44705.29,2439673266,1656723
17/08/2021,45901.3,47160,44376,44695.95,2616339598,1781303
16/08/2021,46973.82,48053.83,45660,45901.29,2462127630,1655378
15/08/2021,47068.5,47372.27,45500,46973.82,1950753713,1580122
14/08/2021,47799.99,48144,45971.03,47068.51,2166461459,1849556
13/08/2021,44400.06,47886,44217.39,47800,2239435701,1804716
12/08/2021,45510.67,46218.12,43770,44399,2478758525,1623329
11/08/2021,45585,46743.47,45341.14,45511,2432788770,1862925
10/08/2021,46248.87,46700,44589.46,45584.99,2452485824,1951330
9/08/2021,43794.36,46454.15,42779,46253.4,3362870286,2130595
8/08/2021,44572.54,45310,43261,43794.37,3074924735,1857112
7/08/2021,42836.87,44700,42446.41,44572.54,3197407326,2258213
6/08/2021,40862.46,43392.43,39853.86,42836.87,3148022460,2223356
5/08/2021,39723.17,41350,37332.7,40862.46,3314527738,1913281
4/08/2021,38207.04,39969.66,37508.56,39723.18,2028792778,1220555
3/08/2021,39146.86,39780,37642.03,38207.05,2195360659,1379871
2/08/2021,39850.27,40480.01,38690,39147.82,2010928004,1162878
1/08/2021,41461.84,42599,39422.01,39845.44,2227567271,1603964
31/07/2021,42206.36,42448,41000.15,41461.83,1868285511,1565380
30/07/2021,40018.49,42316.71,38313.23,42206.37,2939833541,1797012
29/07/2021,40019.57,40640,39200,40016.48,2154190697,1428738
28/07/2021,39456.61,40900,38772,40019.56,4040889462,2631048
27/07/2021,37241.33,39542.61,36383,39457.87,3335658262,1938478
26/07/2021,35381.02,40550,35205.78,37237.6,5832475057,3330102
25/07/2021,34261.51,35398,33851.12,35381.02,1646935553,1245775
24/07/2021,33634.1,34500,33401.14,34258.14,1625046258,1196914
23/07/2021,32287.58,33650,31924.32,33634.09,1631947003,1394786
22/07/2021,32144.51,32591.35,31708,32287.83,1482763545,1000742
21/07/2021,29790.34,32858,29482.61,32144.51,2603140706,1415058
20/07/2021,30839.65,31063.07,29278,29790.35,1821230700,1062139
19/07/2021,31778.57,31899,30407.44,30839.65,1470563282,846029
18/07/2021,31520.07,32435,31108.97,31778.56,1140964366,760979
17/07/2021,31383.86,31955.92,31164.31,31520.07,1072815966,883442
16/07/2021,31874.49,32249.18,31020,31383.87,1538342712,1067591
15/07/2021,32820.03,33185.25,31133,31880,1652077965,1099367
14/07/2021,32729.12,33114.03,31550,32820.02,1515692075,1123129
13/07/2021,33086.94,33340,32202.25,32729.77,1348583017,956053
12/07/2021,34259,34678.43,32658.34,33086.63,1620646741,1176847
11/07/2021,33502.87,34666,33306.47,34258.99,1070033013,952891
10/07/2021,33815.81,34262,33004.78,33502.87,1171790111,865508
9/07/2021,32875.71,34100,32261.07,33815.81,1562958239,1236351
8/07/2021,33862.11,33929.64,32077,32875.71,2304973020,1257892
7/07/2021,34220.02,35059.09,33777.77,33862.12,1857658028,1041416
6/07/2021,33690.15,35118.88,33532,34220.01,1991691101,1184687
5/07/2021,35288.13,35293.78,33125.55,33690.14,2183406257,1109367
4/07/2021,34669.12,35967.85,34357.15,35286.51,1544458212,1164970
3/07/2021,33786.54,34945.61,33316.73,34669.13,1478423024,1078278
2/07/2021,33502.33,33977.04,32699,33786.55,1870193042,1176457
1/07/2021,35045,35057.57,32711,33504.69,2410809595,1240681
30/06/2021,35911.72,36100,34017.55,35045,2688939291,1301036
29/06/2021,34494.89,36600,34225.43,35911.73,3233947792,1673802
28/06/2021,34702.49,35297.71,33862.72,34494.89,2837122780,1868627
27/06/2021,32283.65,34749,31973.45,34700.34,3199980158,1799875
26/06/2021,31576.09,32730,30151,32283.65,3376415452,1814051
25/06/2021,34663.08,35500,31275,31584.45,3846120543,2094932
24/06/2021,33675.07,35298,32286.57,34663.09,2925373222,1531230
23/06/2021,32509.56,34881,31683,33678.07,4282250434,2026228
22/06/2021,31614.12,33298.78,28805,32509.56,6406159197,3113977
21/06/2021,35600.17,35750,31251.23,31608.93,5545926078,2688993
20/06/2021,35483.72,36137.72,33336,35600.16,3124634337,1691871
19/06/2021,35820.48,36457,34803.52,35483.72,2453817535,1212278
18/06/2021,38092.97,38202.84,35129.29,35819.84,3507868126,1809253
17/06/2021,38349,39559.88,37365,38092.97,3065622530,1620210
16/06/2021,40143.8,40527.14,38116.01,38349.01,3450556042,2134897
15/06/2021,40516.28,41330,39506.4,40144.04,3247746714,1931890
14/06/2021,39020.56,41064.05,38730,40516.29,4320307647,2185089
13/06/2021,35546.12,39380,34757,39020.57,3208991522,1894103
12/06/2021,37331.98,37463.63,34600.36,35546.11,3132387327,1719650
11/06/2021,36677.83,37680.4,35936.77,37331.98,2903043643,1727645
10/06/2021,37388.05,38491,35782,36675.72,4062957162,2231430
9/06/2021,33380.8,37534.79,32396.82,37388.05,4794741674,2601479
8/06/2021,33556.96,34068.01,31000,33380.81,4030784325,2074885
7/06/2021,35796.31,36900,33300,33552.79,2755673602,1532260
6/06/2021,35516.07,36480,35222,35796.31,1711857075,993430
5/06/2021,36829.15,37925,34800,35513.2,2560547117,1463754
4/06/2021,39246.78,39289.07,35555.15,36829,3379399755,1926311
3/06/2021,37568.68,39476,37170,39246.79,2930945326,1949658
2/06/2021,36694.85,38225,35920,37568.68,2523462576,1530915
1/06/2021,37253.82,37894.81,35666,36693.09,2973928300,1760417
31/05/2021,35641.26,37499,34153.84,37253.81,3406047735,1896359
30/05/2021,34605.15,36488,33379,35641.27,2601994948,1559892
29/05/2021,35661.79,37338.58,33632.76,34605.15,3949843335,2169643
28/05/2021,38529.99,38877.83,34684,35663.49,4926260942,2659178
27/05/2021,39241.92,40411.14,37134.27,38529.98,3361413526,2102182
26/05/2021,38324.72,40841,37800.44,39241.91,4113717505,2432319
25/05/2021,38810.99,39791.77,36419.62,38324.72,4253519579,2508310
24/05/2021,34681.44,39920,34031,38796.29,5996773032,3510578
23/05/2021,37458.51,38270.64,31111.01,34655.25,7431242463,4082004
22/05/2021,37263.35,38829,35200.62,37449.73,4730567648,2716691
21/05/2021,40525.39,42200,33488,37252.01,7713346610,3993336
20/05/2021,36671.23,42451.67,34850,40526.64,8019897067,4269898
19/05/2021,42849.78,43584.9,30000,36690.09,13477694935,6331062
18/05/2021,43538.02,45799.29,42250.02,42849.78,5146670283,2561165
17/05/2021,46426.83,46686,42001,43538.04,7346755532,3216821
16/05/2021,46762.99,49795.89,43825.39,46431.5,5367497608,2661295
15/05/2021,49844.16,50700,46555,46762.99,4350775847,2286791
14/05/2021,49671.92,51483,48799.75,49841.45,4015904915,2095860
13/05/2021,49537.15,51367.19,46000,49670.97,7303694689,3570506
12/05/2021,56670.02,58000.01,48600,49631.32,5476115093,2676826
11/05/2021,55816.14,56862.43,54370,56670.02,3583030655,1911480
10/05/2021,58240.83,59500,53400,55816.14,5131782640,2575419
9/05/2021,58866.53,59300,56235.66,58240.84,4043552702,2170139
8/05/2021,57315.49,59500,56900,58862.05,4079553832,2311378
7/05/2021,56393.68,58650,55241.63,57314.75,4239374487,2361692
6/05/2021,57436.11,58360,55200,56393.68,3992289528,2459881
5/05/2021,53205.05,58069.82,52900,57436.11,4327994296,2378119
4/05/2021,57169.39,57200,53046.69,53200.01,4705402064,2492629
3/05/2021,56578.21,58981.44,56435,57169.39,3337604543,2102128
2/05/2021,57797.35,57911.02,56035.25,56578.21,2089763230,1371638
1/05/2021,57697.25,58458.07,56956.14,57800.37,2460342955,1743013
30/04/2021,53555,57963,53013.01,57694.27,3808187373,2267648
29/04/2021,54846.23,55195.84,52330.94,53555,2823220335,1763676
28/04/2021,55011.97,56428,53813.16,54846.22,3020242788,1830042
27/04/2021,54001.38,55460,53222,55011.97,2949719328,1568666
26/04/2021,49066.76,54356.62,48753.44,54001.39,4555688503,2174544
25/04/2021,50047.84,50567.91,46930,49066.77,2867858315,1475479
24/04/2021,51110.56,51166.22,48657.14,50047.84,2762081003,1164985
23/04/2021,51690.95,52131.85,47500,51125.14,6571097317,2888237
22/04/2021,53787.62,55521.48,50500,51690.96,5594983857,2744621
21/04/2021,56425,56757.91,53536.02,53787.63,3704549579,2134946
20/04/2021,55633.14,57076.24,53329.96,56425,4037701392,2148820
19/04/2021,56150.01,57526.81,54221.58,55633.14,4398619581,2390527
18/04/2021,60006.67,60499,50931.3,56150.01,6949379727,3444089
17/04/2021,61334.81,62506.05,59580.91,60006.66,3605701811,2268816
16/04/2021,63158.74,63520.61,60000,61334.8,5647292670,2639940
15/04/2021,62959.53,63800,62020,63159.98,3248931738,1938028
14/04/2021,63575.01,64854,61301,62959.53,5239081228,2645625
13/04/2021,59860.01,63777.77,59805.15,63575,5154877375,2703735
12/04/2021,59998.8,61300,59350.59,59860,3393042868,1806298
11/04/2021,59769.13,60699,59232.52,60002.43,2462032927,1746102
10/04/2021,58142.55,61500,57900.01,59769.13,4197138552,2470398
9/04/2021,58077.52,58894.9,57654,58142.54,2378340697,1615962
8/04/2021,55953.44,58153.31,55700,58077.52,2531779683,1661080
7/04/2021,57990.03,58655,55473,55953.45,4053294016,2206433
6/04/2021,59129.99,59495.24,57413.02,57991.15,3166911557,1960513
5/04/2021,58202.01,59272,56777.77,59129.99,3155214764,2035877
4/04/2021,57051.95,58492.85,56388,58202.01,2380139011,1499113
3/04/2021,58950.01,59791.72,56880,57051.94,2783151686,1606805
2/04/2021,58720.45,60200,58428.57,58950.01,2811159761,1666356
1/04/2021,58739.46,59490,57935.45,58720.44,2789238880,1594431
31/03/2021,58746.57,59800,56769,58740.55,3575976084,1928224
30/03/2021,57635.46,59368,57071.35,58746.57,3221944107,1612744
29/03/2021,55777.65,58405.82,54800.01,57635.47,3877131110,1983437
28/03/2021,55817.14,56559.75,54691.84,55777.63,2178777329,1551283
27/03/2021,55025.59,56700.36,53950,55817.14,2767070176,1528776
26/03/2021,51293.78,55073.46,51214.6,55025.59,3397036141,1773150
25/03/2021,52303.66,53287,50427.56,51293.78,4536327185,2099425
24/03/2021,54342.8,57200,51700,52303.65,4583159614,2401988
23/03/2021,54083.25,55830.9,53000,54340.89,3264650775,1740349
22/03/2021,57351.56,58430.73,53650,54083.25,3527479514,1927345
21/03/2021,58100.02,58589.1,55450.11,57351.56,2774223130,1773546
20/03/2021,58030.01,59880,57820.17,58102.28,2616535093,1724131
19/03/2021,57641,59468,56270.74,58030.01,3052711148,1885830
18/03/2021,58912.97,60129.97,57023,57648.16,3900885761,2040947
17/03/2021,56900.74,58974.73,54123.69,58912.97,3960992972,2204296
16/03/2021,55605.2,56938.29,53271.34,56900.75,4304259208,2241208
15/03/2021,58976.08,60633.43,54600,55605.2,5874241052,2683815
14/03/2021,61188.38,61724.79,58966.78,58968.31,3176397574,1829769
13/03/2021,57221.72,61844,56078.23,61188.39,4933383453,2559002
12/03/2021,57773.15,58081.51,54962.84,57221.72,4162054726,2489931
11/03/2021,55851.59,58150,54272.82,57773.16,4612366201,2509970
10/03/2021,54874.67,57387.69,53005,55851.59,4700197563,2647284
9/03/2021,52375.18,54895,51789.41,54884.5,3861450965,2194398
8/03/2021,50959.11,52402.78,49274.67,52375.17,3400847931,1999401
7/03/2021,48882.2,51450.03,48882.2,50971.75,2778875909,1758101
6/03/2021,48746.81,49200,47070,48882.2,2143910705,1476474
5/03/2021,48374.09,49448.93,46300,48751.71,3727133105,2054216
4/03/2021,50349.37,51773.88,47500,48374.09,4079837241,2291936
3/03/2021,48436.61,52640,48100.71,50349.37,4109521258,2242131
2/03/2021,49595.76,50200,47047.6,48440.65,3120472070,1855583
1/03/2021,45134.11,49790,44950.53,49587.03,4057515795,2147223
28/02/2021,46103.67,46638.46,43000,45135.66,3708359965,1838345
27/02/2021,46276.88,48394,45000,46106.43,3105897439,1757720
26/02/2021,47073.73,48424.11,44106.78,46276.87,5086374533,2371766
25/02/2021,49676.21,52041.73,46674.34,47073.73,4152188728,2305679
24/02/2021,48891,51374.99,46988.69,49676.2,4574033001,2194532
23/02/2021,54087.67,54183.59,44892.56,48891,8215839131,3825196
22/02/2021,57412.35,57508.47,47622,54087.67,7213386720,3313083
21/02/2021,55841.19,58352.8,55477.59,57408.57,3317998263,1950533
20/02/2021,55906,57700.46,53863.93,55841.19,4551890860,2642846
19/02/2021,51552.61,56368,50710.2,55906,4251167828,2339215
18/02/2021,52117.67,52530,50901.9,51552.6,3149973077,1891592
17/02/2021,49133.45,52618.74,48947,52119.71,4365831515,2514374
16/02/2021,47911.1,50689.18,47003.62,49133.45,4349983778,2199849
15/02/2021,48580.47,49010.92,45570.79,47911.1,3782219061,2313155
14/02/2021,47156.78,49707.43,47014.17,48577.79,3584808349,2090070
13/02/2021,47298.15,48150,46202.53,47153.69,3007710147,2058823
12/02/2021,47968.66,48985.8,46125,47287.6,4080571909,2418841
11/02/2021,44807.58,48678.9,43994.02,47969.51,4185630934,2570949
10/02/2021,46420.42,47310,43727,44807.58,4431650130,2891592
9/02/2021,46374.86,48142.19,44961.09,46420.42,5386255398,3119034
8/02/2021,38795.69,46794.45,37988.89,46374.87,5881536977,3230961
7/02/2021,39181.01,39700,37351,38795.69,3256521384,1976357
6/02/2021,38289.32,40955.51,38215.94,39186.94,3922095149,2291646
5/02/2021,36936.65,38310.12,36570,38290.24,2509278292,1853253
4/02/2021,37620.26,38708.27,36161.95,36936.66,3452669022,2211866
3/02/2021,35472.71,37662.63,35362.38,37618.87,2951232788,1881740
2/02/2021,33517.09,35984.33,33418,35466.24,2716321896,1789672
1/02/2021,33092.97,34717.27,32296.16,33526.37,2791776658,1810492
31/01/2021,34262.89,34342.69,32171.67,33092.98,2289641046,1707064
30/01/2021,34246.28,34933,32825,34262.88,2884500063,2201040
29/01/2021,33368.18,38531.9,31915.4,34252.2,8195593336,4403349
28/01/2021,30362.19,33783.98,29842.1,33364.86,2953553214,2060660
27/01/2021,32464.01,32557.29,29241.72,30366.15,2958081422,2065953
26/01/2021,32254.19,32921.88,30837.37,32467.77,2708545364,2010392
25/01/2021,32259.45,34875,31910,32254.2,2958759289,2106548
24/01/2021,32078,33071,30900,32259.9,1864609665,1528287
23/01/2021,32950,33456,31390.16,32078,2089098296,1700056
22/01/2021,30851.99,33826.53,28850,32945.17,4483295872,2707810
21/01/2021,35468.23,35600,30071,30850.13,4281220574,2820752
20/01/2021,35901.94,36415.31,33400,35468.23,3126721094,2234539
19/01/2021,36622.46,37850,35844.06,35891.49,2935348499,1939371
18/01/2021,35824.99,37469.83,34800,36631.27,2554843261,1707766
17/01/2021,35994.98,36852.5,33850,35828.61,2843103040,1860642
16/01/2021,36737.43,37950,35357.8,35994.98,3178840336,2066363
15/01/2021,39145.21,39747.76,34408,36742.22,4371588899,2560801
14/01/2021,37371.38,40100,36701.23,39144.5,3974826638,2297466
13/01/2021,34049.15,37850,32380,37371.38,4322876606,2514289
12/01/2021,35410.37,36628,32531,34051.24,4651302423,2674145
11/01/2021,38150.02,38264.74,30420,35404.47,8426879771,4431451
10/01/2021,40088.22,41350,35111.11,38150.02,4604034730,2628050
9/01/2021,40586.96,41380,38720,40088.22,3054779029,1998156
8/01/2021,39432.48,41950,36500,40582.81,5568443209,2925632
7/01/2021,36769.36,40365,36300,39432.28,5062569943,2814686
6/01/2021,33949.53,36939.21,33288,36769.36,4431954249,2591783
5/01/2021,31989.75,34360,29900,33949.53,3743617145,2526851
4/01/2021,33000.05,33600,28130,31988.71,4429010350,2642408
3/01/2021,32176.45,34778.11,31962.99,33000.05,4057598425,2369698
2/01/2021,29331.7,33300,28946.53,32178.33,4073842164,2245922
1/01/2021,28923.63,29600,28624.57,29331.69,1582526989,1314910
31/12/2020,28875.55,29300,27850,28923.63,2173600125,1552793
30/12/2020,27385,28996,27320,28875.54,2683953237,1916095
29/12/2020,27079.42,27410,25880,27385,1851617220,1605166
28/12/2020,26281.54,27500,26101,27079.41,2151806809,1508204
27/12/2020,26493.4,28422,25700,26281.66,4028928684,2438493
26/12/2020,24712.47,26867.03,24500,26493.39,2496533065,1735574
25/12/2020,23728.99,24789.86,23433.6,24712.47,1919766317,1504426
24/12/2020,23232.39,23794.43,22703.42,23729.2,1602394244,1421257
23/12/2020,23810.79,24100,22600,23232.76,2797688007,2194611
22/12/2020,22719.88,23837.1,22353.4,23810.79,2010758620,1496277
21/12/2020,23455.54,24102.77,21815,22719.71,2035446294,1593949
20/12/2020,23821.6,24295,23060,23455.52,1810862075,1743225
19/12/2020,23107.39,24171.47,22750,23821.61,2018969879,1678611
18/12/2020,22797.15,23285.18,22350,23107.39,1820875361,1613775
17/12/2020,21335.52,23800,21230,22797.16,4196645567,2795084
16/12/2020,19426.43,21560,19278.6,21335.52,2325135959,1659135
15/12/2020,19273.69,19570,19050,19426.43,1196361528,1046423
14/12/2020,19174.99,19349,19000,19273.14,906101687.7,842382
13/12/2020,18808.69,19411,18711.12,19174.99,1083520569,938022
12/12/2020,18036.53,18948.66,18020.7,18808.69,915552835.9,891810
11/12/2020,18254.81,18292.73,17572.33,18036.53,1301081647,1117810
10/12/2020,18541.29,18557.32,17911.12,18254.63,966149529,891151
9/12/2020,18324.11,18639.57,17650,18541.28,1450130664,1302476
8/12/2020,19166.9,19294.84,18200,18324.11,1160658077,1143181
7/12/2020,19358.67,19420.91,18902.88,19166.9,793517668.7,840954
6/12/2020,19147.66,19420,18857,19359.4,709558933.6,820382
5/12/2020,18650.51,19177,18500,19147.66,813445434.1,932124
4/12/2020,19422.34,19527,18565.31,18650.52,1358079975,1286657
3/12/2020,19204.08,19598,18867.2,19421.9,1286548311,1242229
2/12/2020,18764.96,19342,18330,19204.09,1436895345,1566635
1/12/2020,19695.87,19888,18001.12,18764.96,2446070335,2023802
30/11/2020,18185,19863.16,18184.99,19695.87,2205929120,1744149
29/11/2020,17719.84,18360.05,17517,18184.99,996743798.9,1141289
28/11/2020,17139.53,17880.49,16865.56,17719.85,1128061605,1209385
27/11/2020,17149.47,17457.62,16438.08,17139.52,1446670351,1572299
26/11/2020,18718.83,18915.03,16188,17149.47,3127314143,2770483
25/11/2020,19160,19484.21,18500.27,18719.11,1774870796,1785408
24/11/2020,18368.01,19418.97,18018,19160.01,2145301450,2179862
23/11/2020,18413.88,18766,18000,18368,1529064320,1629379
22/11/2020,18703.8,18750,17610.86,18414.43,1497662550,1528524
21/11/2020,18655.66,18965.9,18308.58,18703.8,1413641591,1451352
20/11/2020,17802.81,18815.22,17740.04,18655.67,1623135139,1444692
19/11/2020,17777.75,18179.8,17335.65,17802.82,1656794229,1513304
18/11/2020,17659.38,18476.93,17214.45,17776.12,2663337936,2091832
17/11/2020,16713.08,17858.82,16538,17659.38,1982752071,1646652
16/11/2020,15957,16880,15864,16713.57,1335728014,1202386
15/11/2020,16069.56,16180,15774.72,15957,696651729.7,854441
14/11/2020,16320.04,16326.99,15670,16070.45,944765868.6,931424
13/11/2020,16291.85,16480,15952.35,16320.7,1230358611,1208773
12/11/2020,15684.25,16340.7,15440.64,16291.86,1628755509,1472049
11/11/2020,15297.21,15965,15272.68,15684.24,1226425496,1247167
10/11/2020,15328.41,15460,15072.46,15297.21,943615126.1,1093466
9/11/2020,15475.1,15840,14805.54,15328.41,1670447936,1505441
8/11/2020,14818.3,15650,14703.88,15475.1,998031373.8,998773
7/11/2020,15579.93,15753.52,14344.22,14818.3,1536510177,1557021
6/11/2020,15590.02,15960,15166,15579.92,1909660729,1654968
5/11/2020,14144.01,15750,14093.56,15590.02,2131865609,1736055
4/11/2020,14023.53,14259,13525,14144.01,1293872665,1212959
3/11/2020,13549.63,14066.11,13284.99,14023.53,1009402088,1052569
2/11/2020,13761.49,13830,13195.05,13549.37,873629993.8,869850
1/11/2020,13791,13895,13603,13761.5,499124369.1,606248
31/10/2020,13560.1,14100,13411.5,13791,927048458.5,1022202
30/10/2020,13455.69,13669.98,13115,13560.1,946818817.6,1060387
29/10/2020,13266.4,13642.91,12920.77,13455.7,997867948.9,1008433
28/10/2020,13636.16,13859.48,12888,13266.4,1263487953,1234511
27/10/2020,13052.15,13789.29,13019.87,13636.17,1085214438,1003550
26/10/2020,13029.64,13238.81,12765,13052.19,794395722.5,818144
25/10/2020,13111.73,13350,12888,13028.83,502672049.2,610498
24/10/2020,12923.06,13166.73,12870,13111.73,468299521.8,536821
23/10/2020,12968.84,13027.69,12720.08,12923.07,650680239.1,699313
22/10/2020,12780.75,13185,12678.08,12968.52,905778888.9,1035811
21/10/2020,11910,13217.68,11886.95,12780.96,1437122187,1453620
20/10/2020,11751.46,12038.38,11677.59,11909.99,737425592.1,906111
19/10/2020,11503.14,11823.99,11407.96,11751.47,550728683.8,650960
18/10/2020,11360.31,11505,11346.22,11503.14,266150824.3,346946
17/10/2020,11319.24,11402.42,11255,11360.2,253582776,365973
16/10/2020,11505.13,11541.15,11200,11319.32,553211001.6,693210
15/10/2020,11417.89,11617.34,11250.83,11505.12,556436445.6,662386
14/10/2020,11420.57,11547.98,11280,11417.89,472007015.7,590025
13/10/2020,11528.24,11557,11300,11420.56,482663390.7,618262
12/10/2020,11369.02,11720.01,11172,11528.25,604779845.8,740823
11/10/2020,11293.22,11445,11221,11369.02,329927755,509714
10/10/2020,11050.64,11491,11050.51,11293.22,494785212.2,698561
9/10/2020,10925.44,11104.64,10829,11050.64,530822321.5,635681
8/10/2020,10666.4,10950,10530.41,10925.57,559311760.4,659291
7/10/2020,10599.65,10681.87,10546.17,10666.39,348298562.9,503440
6/10/2020,10792.2,10800,10525,10599.66,520051256.1,734526
5/10/2020,10666.62,10798,10615.64,10792.21,364158510.2,483340
4/10/2020,10542.07,10696.87,10517.87,10666.63,246252050.9,377553
3/10/2020,10570.4,10603.56,10496.46,10542.06,235160884.6,381329
2/10/2020,10619.13,10664.64,10374,10570.4,526864379.3,777193
1/10/2020,10776.59,10920,10437,10619.13,652168989.5,794855
30/09/2020,10840.58,10849.34,10665.13,10776.59,425279696.3,595383
29/09/2020,10696.11,10867.54,10635.87,10840.48,449345822.5,587576
28/09/2020,10774.26,10950,10626,10696.12,544463219.6,686664
27/09/2020,10728.59,10799,10594.82,10774.25,327169249.5,516004
26/09/2020,10686.57,10820.94,10644.68,10728.6,304511477.7,502670
25/09/2020,10736.33,10760.53,10556.24,10686.67,512647249.1,733430
24/09/2020,10241.46,10795.24,10190.93,10736.32,604520870.1,789282
23/09/2020,10529.61,10537.15,10136.82,10241.46,539362015.2,774391
22/09/2020,10417.22,10572.71,10353,10529.61,460362500.7,738576
21/09/2020,10920.28,10988.86,10296.35,10417.22,751020795.2,1028531
20/09/2020,11080.64,11080.64,10723,10920.28,426815210.8,646329
19/09/2020,10933.4,11179.79,10887.37,11080.65,423651901.2,620127
18/09/2020,10940,11038.03,10812.84,10933.39,516147935.7,717371
17/09/2020,10954.01,11045.46,10745.83,10939.99,605010288.8,829137
16/09/2020,10785.23,11093,10661.22,10954.01,708644989.5,884153
15/09/2020,10671.77,10930.04,10606.48,10785.31,666457161.1,893852
14/09/2020,10332.84,10750,10212.34,10671.77,706175591.4,828957
13/09/2020,10440.67,10580.11,10200,10332.83,455338605.3,692439
12/09/2020,10387.89,10477.97,10269.25,10440.92,366912671.4,577724
11/09/2020,10336.86,10397.6,10200,10387.89,451241002.7,637869
10/09/2020,10219.29,10483.35,10070.83,10336.87,602390078.5,851877
9/09/2020,10126.66,10343,9981.01,10219.2,503082625.2,755560
8/09/2020,10373.45,10438,9850,10126.65,742947902,1048125
7/09/2020,10255.89,10410.75,9875,10373.44,634278537.8,927363
6/09/2020,10166.69,10347.14,9994.86,10256.2,574903000.2,1053192
5/09/2020,10446.25,10565.68,9825,10166.69,917578408.9,1476782
4/09/2020,10138.29,10627.05,9875.5,10446.25,959925718.4,1434860
3/09/2020,11388.54,11462.6,9960.8,10140.85,1325106403,1611610
2/09/2020,11921.97,11954.57,11160.1,11388.54,1005391012,1373524
1/09/2020,11649.51,12050.85,11515,11921.97,928047313.5,1321492
31/08/2020,11711.17,11800.77,11570,11649.51,646723855.6,822062
30/08/2020,11465.84,11719,11458,11711.16,501375342.9,756541
29/08/2020,11526.9,11580.02,11417.04,11465.84,379228275.3,611834
28/08/2020,11330.38,11542.65,11276.89,11526.91,525606229.7,719985
27/08/2020,11461.42,11592.2,11125,11330.38,717474981.7,959270
26/08/2020,11318.42,11539.32,11244,11461.43,615452790,862654
25/08/2020,11748.19,11767.85,11117.64,11318.42,797034671.6,996668
24/08/2020,11648.12,11824.9,11585.09,11748.2,542298951.5,656584
23/08/2020,11663.51,11718.07,11514.13,11648.13,440406018.7,627352
22/08/2020,11531.23,11686,11376.81,11662.96,504305451.4,809328
21/08/2020,11853.54,11878,11485.81,11531.34,755451999.7,1189668
20/08/2020,11754.38,11888,11668,11853.55,543576025,798027
19/08/2020,11945.1,12020.08,11561,11754.59,870612801.5,1258060
18/08/2020,12281.15,12387.77,11817.93,11945.01,920402307.2,1189390
17/08/2020,11910.99,12468,11769.78,12281.13,1026883453,1210228
16/08/2020,11852.4,11931.72,11686,11911,489731524.6,790240
15/08/2020,11760.55,11980,11680,11852.4,667446824.1,1018956
14/08/2020,11779.77,11850,11634.03,11760.54,702273220.7,1011746
13/08/2020,11564.34,11792.96,11270.36,11780,809611114.2,1243382
12/08/2020,11392.09,11617.52,11150,11564.33,743303608.1,1104096
11/08/2020,11892.9,11935,11125,11392.08,1049615697,1343979
10/08/2020,11681.69,12067.35,11450,11892.92,1009169063,1340835
9/08/2020,11761.02,11797.11,11521.97,11681.68,483708602.9,853386
8/08/2020,11594.36,11808.27,11512,11761.41,489087264.4,779318
7/08/2020,11762.47,11909.94,11322,11594.23,767005529.3,940045
6/08/2020,11744.91,11900,11562.5,11762.46,746479211.7,919918
5/08/2020,11191.99,11780.93,11093,11744.91,861433645.4,964637
4/08/2020,11219.68,11414.98,11000,11191.97,658084242.7,863692
3/08/2020,11071.36,11473,10936,11219.81,641127593.3,919185
2/08/2020,11801.17,12123.46,10518.5,11071.35,1105757336,1459900
1/08/2020,11335.46,11861,11220,11801.17,987817017.3,1174252
31/07/2020,11099.79,11444,10960,11335.46,786344325.9,971584
30/07/2020,11100.52,11170,10831,11099.61,669779541.9,879960
29/07/2020,10906.27,11342.82,10812,11100.53,853242253.6,1127302
28/07/2020,11029.96,11242.23,10565,10906.27,1065375500,1475636
27/07/2020,9931.54,11394.86,9917.21,11029.96,1580355372,1901088
26/07/2020,9700.42,10111,9650,9931.54,644607634.5,945611
25/07/2020,9538.1,9732.9,9513,9700.42,391431695.7,675222
24/07/2020,9603.27,9637,9463.44,9537.8,419240263.5,677725
23/07/2020,9518.16,9664,9440.33,9603.27,494282948.7,735371
22/07/2020,9390,9544,9261,9518.16,457776105.6,663029
21/07/2020,9160.78,9437.73,9152.8,9390,563360524.8,782959
20/07/2020,9208.99,9221.52,9131,9160.78,325297289.3,557096
19/07/2020,9170.3,9232.27,9101.35,9208.99,238521988,440449
18/07/2020,9154.31,9219.3,9121.1,9170.28,206628105.4,430377
17/07/2020,9133.72,9186.83,9089.81,9154.32,256360345.6,470991
16/07/2020,9197.6,9226.15,9047.25,9133.72,395883667,681807
15/07/2020,9255.85,9276.49,9160.57,9197.6,360201683.5,554780
14/07/2020,9242.61,9279.54,9113,9255.85,421789086.5,613139
13/07/2020,9303.31,9343.82,9200.89,9242.62,396614086.8,642552
12/07/2020,9234.02,9345,9157.5,9302.75,285591381.5,484875
11/07/2020,9288.34,9299.28,9178.25,9234.03,208410250.5,413452
10/07/2020,9232.42,9317.48,9125,9288.34,352238898.8,525484
9/07/2020,9436.06,9440.79,9160,9232.43,447640493.5,575491
8/07/2020,9257.4,9470,9231,9436.06,525344876.7,652605
7/07/2020,9342.47,9379.42,9203,9257.39,320576525.4,433481
6/07/2020,9069.41,9375,9055.92,9344.2,502548376.2,533540
5/07/2020,9135,9145.24,8893.03,9069.41,308410443.7,384500
4/07/2020,9057.79,9190,9040.04,9135.46,240576054.9,335225
3/07/2020,9086.54,9125,9037.47,9058.26,263123750.5,343189
2/07/2020,9231.99,9261.96,8940,9086.54,417724468.9,470292
1/07/2020,9138.08,9292,9080.1,9232,354087627.2,374832
30/06/2020,9192.93,9205,9064.89,9138.55,287781334.5,328083
29/06/2020,9116.16,9238,9024.67,9192.56,384206326.5,434299
28/06/2020,9012,9191,8948.06,9116.35,278721674.9,374404
27/06/2020,9162.21,9196.24,8833,9012,419606802.2,499415
26/06/2020,9249.49,9298,9045.45,9162.21,461347064.8,510947
25/06/2020,9298.33,9340,9009.69,9249.49,514396747.4,536205
24/06/2020,9624.33,9670,9208,9296.49,579426702.8,572362
23/06/2020,9685.69,9720,9577.03,9624.89,395487616.5,474319
22/06/2020,9294.69,9780,9277.09,9685.69,550995799.1,588704
21/06/2020,9358.95,9422,9281.54,9294.69,227467940.6,321015
20/06/2020,9310.23,9395,9170.95,9358.95,282120360.6,382778
19/06/2020,9386.32,9438.3,9215.79,9310.23,423086965.2,503484
18/06/2020,9465.13,9489,9280,9386.32,351649555.1,475074
17/06/2020,9526.97,9565,9236.61,9465.14,453209812.2,536158
16/06/2020,9426.05,9589,9373.09,9525.59,494458269.1,543481
15/06/2020,9342.1,9495,8910.45,9426.02,793518842.6,839521
14/06/2020,9473.34,9480.99,9245,9342.1,282131272.4,415568
13/06/2020,9464.96,9494.73,9351,9473.34,261673162.3,392763
12/06/2020,9278.88,9557.12,9232.51,9465.13,472007894.4,553203
11/06/2020,9885.22,9964,9113,9280.4,902075648.5,966502
10/06/2020,9772.44,9992.72,9704.18,9885,462384305.4,560909
9/06/2020,9782,9877,9570,9772.43,447208895.8,551863
8/06/2020,9746.99,9800,9633,9782.01,395459395.8,485139
7/06/2020,9666.85,9802,9372.46,9746.99,556919603.8,637766
6/06/2020,9621.17,9735,9531.05,9666.3,315604867.2,435796
5/06/2020,9788.14,9854.75,9581,9621.16,465200788.2,566062
4/06/2020,9666.32,9881.63,9450,9789.06,557234945.6,665881
3/06/2020,9518.02,9690,9365.21,9666.24,441928818,562784
2/06/2020,10202.71,10228.99,9266,9518.04,1070060237,1004312
1/06/2020,9448.27,10380,9421.67,10200.77,749707596.7,826964
31/05/2020,9697.72,9700,9381.41,9448.27,461272298.9,651473
30/05/2020,9426.6,9740,9331.23,9697.72,530598690.1,651290
29/05/2020,9575.87,9605.26,9330,9427.07,542758086.6,593705
28/05/2020,9204.07,9625.47,9110,9575.89,693930106.2,738725
27/05/2020,8841,9225,8811.73,9204.07,624660855.8,662850
26/05/2020,8900.35,9017.67,8700,8841.18,516455128.9,678304
25/05/2020,8718.14,8979.66,8642.72,8900.35,553545285.9,733557
24/05/2020,9179.01,9298,8700,8720.34,636787240.4,774088
23/05/2020,9170,9307.85,9070,9179.15,400407195.6,512460
22/05/2020,9067.51,9271,8933.52,9170,537847834.5,693694
21/05/2020,9511.43,9578.47,8815,9068.65,1002046266,951971
20/05/2020,9775.13,9842,9326,9511.43,721190802.8,731189
19/05/2020,9733.93,9897.21,9474,9775.53,760713946,773581
18/05/2020,9681.11,9950,9464.23,9733.93,797622297.3,794292
17/05/2020,9380.81,9888,9322.1,9680.04,663088800.8,722718
16/05/2020,9315.96,9588,9220,9381.27,560547005,692028
15/05/2020,9791.97,9845.62,9150,9316.42,1099721376,1055630
14/05/2020,9309.35,9939,9256.76,9791.98,1247456798,1199530
13/05/2020,8810.99,9398,8792.99,9309.37,839725720,869216
12/05/2020,8562.04,8978.26,8528.78,8810.79,760195457.1,784859
11/05/2020,8722.77,9168,8200,8561.52,1468392821,1367382
10/05/2020,9539.1,9574.83,8117,8722.77,1594996477,1565771
9/05/2020,9800.02,9914.25,9520,9539.4,795001351.7,839384
8/05/2020,9986.3,10035.96,9705,9800.01,997005843.7,967816
7/05/2020,9143.4,10067,9021,9986.4,1409783462,1254835
6/05/2020,9021.36,9395,8906.21,9142.92,972793508.5,1007661
5/05/2020,8871.92,9118.58,8760,9021.83,683083018.9,812543
4/05/2020,8894.15,8950,8522,8871.96,738343818.7,848802
3/05/2020,8972.58,9200,8712,8894.16,808427095.9,877460
2/05/2020,8825.67,9010,8753,8972.05,523838859.5,637884
1/05/2020,8620,9059.18,8613.56,8826.96,805640126.6,865960
30/04/2020,8778.58,9460,8401,8620,1839283907,1661554
29/04/2020,7738.58,8952.89,7710.05,8778.57,1536390177,1433128
28/04/2020,7773.51,7780,7659.12,7738.98,357391780.9,499414
27/04/2020,7693.1,7792.02,7606,7774.62,504025811.7,637800
26/04/2020,7539.03,7700,7480,7693.1,384202783.3,554480
25/04/2020,7505,7705,7431.07,7538.67,331292050.8,521943
24/04/2020,7483.96,7615.96,7388,7505,452118137.8,601093
23/04/2020,7125.12,7738,7020,7482.39,756320213.6,881099
22/04/2020,6841.36,7156.38,6818,7125.14,431271646.2,508659
21/04/2020,6828.98,6940,6762,6841.37,411800606.1,555797
20/04/2020,7121.4,7220,6751,6826.83,629612368.7,785174
19/04/2020,7248.6,7266.15,7055.6,7120.74,326485586.9,483574
18/04/2020,7026.78,7293.08,7014.4,7248.6,354845083.8,494670
17/04/2020,7101.99,7148.12,6972.98,7027.55,382334236.2,537554
16/04/2020,6621.25,7190,6468.27,7101.94,865277543.4,971163
15/04/2020,6868.57,6933,6605,6621.24,416947490.6,581374
14/04/2020,6838.04,6978,6754.28,6868.7,474794776.2,608665
13/04/2020,6903.79,6903.79,6575,6837.91,649390681.2,804179
12/04/2020,6876.84,7177,6780,6903.79,516235035.2,648323
11/04/2020,6858.92,6944.3,6760,6876.83,311699573.5,484618
10/04/2020,7283.54,7295.75,6739.98,6858.92,727281590.8,949050
9/04/2020,7360.26,7371.92,7108.08,7283.54,444741085.9,686207
8/04/2020,7197.32,7420,7150,7361.28,555122600.3,750516
7/04/2020,7329.9,7459.69,7077,7197.32,757201786.7,924436
6/04/2020,6772.78,7355.14,6765,7329.9,837357664.7,956586
5/04/2020,6857.41,6895.54,6677.52,6772.78,337062083,506433
4/04/2020,6732.97,6990.41,6650.01,6856.99,495076283.5,659051
3/04/2020,6793.86,7048,6602.1,6734.1,710254017.1,840456
2/04/2020,6643.36,7198,6551,6794.09,1014494762,1101043
1/04/2020,6412.14,6679.94,6150.11,6642.92,618527468.8,758061
31/03/2020,6394.45,6523.23,6321.4,6410.44,465780496.6,538231
30/03/2020,5880.5,6599,5857.76,6394.38,747569726.5,784034
29/03/2020,6236.65,6266,5866.56,5881.42,383707122.5,496709
28/03/2020,6359.11,6360,6024,6236.65,577986706.1,725588
27/03/2020,6737.27,6842.59,6261,6359.11,551326113.9,643631
26/03/2020,6677.42,6780,6510,6737.36,552537189.5,668467
25/03/2020,6744.69,6957.96,6450,6677.43,880250736.9,912179
24/03/2020,6465.25,6833,6371.33,6744.72,1001890515,1012669
23/03/2020,5816.05,6600,5688,6467.31,1015525672,1099406
22/03/2020,6187.04,6407.87,5734.01,5816.19,722895653.5,952259
21/03/2020,6204.57,6456.98,5860.02,6186.98,794962136.6,990974
20/03/2020,6162.05,6900,5670,6208.36,1401734013,1580069
19/03/2020,5393.26,6400,5252.53,6162.37,1164739708,1403608
18/03/2020,5312.64,5436.17,5009.37,5393.04,719748122.5,962843
17/03/2020,5028.86,5525,4921.45,5312.64,793147908.3,1069217
16/03/2020,5360.33,5365.42,4442.12,5028.97,1113690309,1608176
15/03/2020,5172.48,5940,5093.1,5361.3,753755706.4,1037714
14/03/2020,5576.05,5640.52,5055.13,5172.06,736651880.9,1106125
13/03/2020,4800.01,5955,3782.13,5578.6,2063819541,2309830
12/03/2020,7934.58,7966.17,4410,4800,1628590104,1770812
11/03/2020,7894.57,7980,7590,7934.52,624465167.4,699401
10/03/2020,7929.87,8149,7728.01,7894.56,689700153.4,737528
9/03/2020,8034.76,8179.31,7632.01,7929.87,918787729.1,929234
8/03/2020,8885.25,8886.76,8000,8033.31,656931544.8,740741
7/03/2020,9130.89,9188,8835,8886.66,409983263.8,485400
6/03/2020,9054.64,9170,8985.5,9131.88,397598476.4,493216
5/03/2020,8750.99,9159.42,8746.54,9054.68,524102029.2,619552
4/03/2020,8760.07,8848.29,8660,8750.87,338849892,454817
3/03/2020,8911.18,8919.65,8651,8760.07,484181096.3,512762
2/03/2020,8530.3,8965.75,8498,8915.24,528906629.6,564535
1/03/2020,8523.61,8750,8411,8531.88,375729315.3,472019
29/02/2020,8690.8,8790,8523.55,8523.61,318585952,414175
28/02/2020,8823.25,8900,8445,8692.91,615664817,655727
27/02/2020,8786,8971.77,8531,8823.21,636955872.8,696646
26/02/2020,9316.48,9377.44,8633.63,8785.25,830717784.4,871018
25/02/2020,9655.52,9675,9250,9315.84,514946930.6,579079
24/02/2020,9936.4,9990,9473.56,9656.13,542081527.6,589384
23/02/2020,9650.85,9990,9645,9936.4,371815095.5,441935
22/02/2020,9677.05,9709.17,9560.02,9650.86,237544283.2,319961
21/02/2020,9597.21,9755.51,9550.21,9677.05,408286949.8,470599
20/02/2020,9594.65,9699,9400,9596.42,576020107.5,667387
19/02/2020,10164.78,10250,9350,9593.79,547679966.9,588760
18/02/2020,9706,10250,9576.01,10164.71,696870122.8,723413
17/02/2020,9910.7,9964.16,9452.67,9706,680009637.6,778058
16/02/2020,9904.46,10050,9638.12,9917.27,592584876.9,708070
15/02/2020,10344.36,10375,9801,9904.72,580845331.2,739781
14/02/2020,10227.78,10381.56,10111.37,10344.36,482455622,622310
13/02/2020,10325.33,10500,10080,10229.63,815507473.7,932802
12/02/2020,10223.08,10450,10223.08,10326.46,629756037.5,857655
11/02/2020,9851.74,10323.59,9700,10223.08,624970415.4,710170
10/02/2020,10151.72,10188,9756,9851.83,590091358.4,690308
9/02/2020,9895.04,10166,9880.75,10151.75,437441704.9,536848
8/02/2020,9813.87,9940,9667.11,9895.05,427781790.2,514573
7/02/2020,9772,9885,9730,9813.73,430744860.2,582249
6/02/2020,9612.03,9862.57,9526.35,9772,631245079.8,682179
5/02/2020,9197.02,9744.45,9177.22,9612.04,613540574.8,661758
4/02/2020,9291.35,9350,9093.01,9197.02,491136137.2,528930
3/02/2020,9331.59,9618.79,9234,9292.24,476379993.5,492124
2/02/2020,9384.41,9477.03,9120,9331.51,428064088.7,446558
1/02/2020,9351.71,9464.53,9281,9384.61,268137740,334972
31/01/2020,9511.52,9530.22,9210.01,9352.89,425779010.4,428547
30/01/2020,9301.57,9578,9204.44,9513.21,569652869.8,529570
29/01/2020,9375.34,9449.24,9216,9301.53,503188568.8,492545
28/01/2020,8907.57,9400,8862.4,9374.21,676593159.5,616678
27/01/2020,8614.39,9000,8535,8907.57,473194952.8,514196
26/01/2020,8340.01,8618.13,8293.66,8615,263941925.3,332612
25/01/2020,8438.99,8451.26,8254.9,8340.58,212869245.6,283118
24/01/2020,8404.52,8528.02,8238,8439,349874174.8,407271
23/01/2020,8682.77,8691.81,8306.39,8404.52,407428808.7,464805
22/01/2020,8736.04,8818,8590,8682.36,252638888.2,317424
21/01/2020,8642.35,8789,8488,8736.03,316056705,365621
20/01/2020,8701.72,8746.99,8521.28,8642.35,336447837,385006
19/01/2020,8915.09,9198.98,8466,8701.7,623950864.3,615665
18/01/2020,8913.27,8988.88,8806.38,8915.96,340852837.9,458182
17/01/2020,8720.15,9041.65,8672.44,8913.28,629568740.7,676403
16/01/2020,8820.01,8859.81,8586,8720.01,451752380.3,543064
15/01/2020,8814.64,8916.48,8564,8821.41,743712237.3,764048
14/01/2020,8110.34,8880,8105.54,8810.01,1032735181,915328
13/01/2020,8184.97,8196,8055.89,8110.34,252656965.4,289144
12/01/2020,8020.01,8197,7960,8184.98,309351920.5,350662
11/01/2020,8198.86,8286.34,8003.16,8020.01,445034349.6,469131
10/01/2020,7817.74,8199,7672,8197.02,652774220.4,606101
9/01/2020,8054.72,8055.96,7750,7817.76,507258250.5,478800
8/01/2020,8145.92,8455,7870,8055.98,926410232.6,830375
7/01/2020,7758.9,8207.68,7723.71,8145.28,724202791.1,685315
6/01/2020,7357.64,7795.34,7346.76,7758,413330481.2,449937
5/01/2020,7354.19,7495,7318,7358.75,284848683.8,329209
4/01/2020,7345,7404,7272.21,7354.11,219874240.9,279370
3/01/2020,6965.49,7405,6871.04,7344.96,495098583,519854
2/01/2020,7200.77,7212.5,6924.74,6965.71,225982341.3,302667
1/01/2020,7195.24,7255,7175.15,7200.85,121214452.1,194010
31/12/2019,7246,7320,7145.01,7195.23,187518399.3,251976
30/12/2019,7388.43,7408.24,7220,7246,216508875.5,279033
29/12/2019,7315.36,7528.45,7288,7388.24,231731575.8,283213
28/12/2019,7254.77,7365.01,7238.67,7316.14,196322192.4,272607
27/12/2019,7202,7275.86,7076.42,7254.74,242214722.7,297262
26/12/2019,7205.01,7435,7157.12,7202,263289799,337695
25/12/2019,7255.77,7271.77,7128.86,7204.63,198273303.1,289924
24/12/2019,7317.3,7436.68,7157.04,7255.77,318428019,384678
23/12/2019,7500.71,7695.38,7265.84,7317.09,510710431.8,530669
22/12/2019,7131.59,7518.54,7122.47,7501.44,285577206.9,356612
21/12/2019,7188.01,7190.58,7105,7132.75,139069157.1,212162
20/12/2019,7151.31,7220,7079.5,7187.83,229842650.4,312766
19/12/2019,7277.83,7380,7038.31,7150.3,397407677.1,439761
18/12/2019,6623.84,7440,6435,7277.83,654057202.2,714073
17/12/2019,6891.44,6942.21,6560,6623.82,364087469.8,454097
16/12/2019,7119.6,7150,6836,6891.72,307508569.9,371202
15/12/2019,7064.14,7200.3,7008.35,7118.59,187402764.6,262651
14/12/2019,7257.37,7271.77,7012,7064.05,211004228,276819
13/12/2019,7197.76,7309.05,7190.76,7258.48,199836160.2,252135
12/12/2019,7210,7295,7080.3,7198.08,303657479.5,331414
11/12/2019,7224.15,7275.5,7125.66,7210,217095653.9,268269
10/12/2019,7338.64,7407.6,7157.1,7224.13,363127435.4,439637
9/12/2019,7510.11,7650,7273,7338.64,347471155.5,359648
8/12/2019,7487.31,7564,7374.86,7510.11,223314325.6,257514
7/12/2019,7527.8,7619.62,7470.16,7488.21,237000924.9,263592
6/12/2019,7389,7590.03,7305,7527.47,356905919,367854
5/12/2019,7194.59,7485,7150,7389,434738864.8,430359
4/12/2019,7292.71,7750,7067,7194.32,608623482.8,516158
3/12/2019,7294.42,7400,7241.35,7292.71,242379261.1,265391
2/12/2019,7391.5,7420.56,7151.1,7294.28,337889295.5,326881
1/12/2019,7540.63,7541.85,7210,7390.89,446524917.2,420573
30/11/2019,7740.99,7810,7441,7541.89,358749026.4,346506
29/11/2019,7418.52,7850,7362.3,7739.68,463006956.7,412929
28/11/2019,7507.9,7643,7360,7419.49,427572714.9,388953
27/11/2019,7154.75,7655,6840,7508.52,671646609.2,582055
26/11/2019,7109.99,7340,7017.48,7156.14,469602476.9,433933
25/11/2019,6900.23,7377.69,6515,7109.57,831628458.3,679721
24/11/2019,7311.1,7330.39,6861,6903.28,481922941.3,446014
23/11/2019,7268.23,7344.48,7080.01,7311.57,364446217.4,414045
22/11/2019,7627.79,7750,6790,7268.23,917881536.3,817604
21/11/2019,8098.56,8134.73,7500,7627.74,455166676.3,430062
20/11/2019,8133.83,8264.29,8038.4,8098.01,263387575.5,288843
19/11/2019,8186.5,8218.63,8003,8133.64,353463792,357382
18/11/2019,8502.87,8503.52,8060,8187.17,358706174.8,366263
17/11/2019,8490.74,8635,8350.68,8502.4,229995700.8,259594
16/11/2019,8471.62,8543,8400,8491.02,177222838.4,231473
15/11/2019,8646.38,8790,8400,8471.73,394708981.3,423919
14/11/2019,8777.54,8800,8582.6,8646.68,290104307,337019
13/11/2019,8821.91,8844.99,8702,8777.12,235060554.1,281593
12/11/2019,8733.36,8888,8567.6,8821.94,352675938.4,406765
11/11/2019,9040.16,9072.32,8618.68,8733.27,394585996.3,415982
10/11/2019,8809.18,9147.19,8750,9039.47,307316853.9,375946
9/11/2019,8773.74,8880,8724.88,8809.41,259733491.8,326730
8/11/2019,9214,9261,8696,8773.73,555589996,567331
7/11/2019,9339.16,9375,9101,9216.2,361217475.1,401984
6/11/2019,9307.73,9440.91,9250.01,9339.05,348607499.8,402997
5/11/2019,9392.4,9454.95,9175.76,9308.66,428156963.1,492885
4/11/2019,9196.46,9513.68,9115.84,9393.35,426792003.2,453749
3/11/2019,9289.85,9362.57,9066.14,9194.71,256664259.7,326024
2/11/2019,9231.4,9373.74,9186.21,9289.52,268119579.7,325421
1/11/2019,9140.86,9279,9030,9231.61,398803069,478002
31/10/2019,9154.02,9405,8913,9140.85,498152743.7,490183
30/10/2019,9407.62,9409.84,9001.01,9154.72,506584830,524035
29/10/2019,9204.45,9550,9072,9407.62,600611324.6,559589
28/10/2019,9528.23,9902.1,9160,9205.14,759178942.9,681128
27/10/2019,9230,9794.98,9074.34,9529.93,887438297.7,799978
26/10/2019,8655.88,10370,8470.38,9230,1522244166,1185369
25/10/2019,7412.41,8799,7361,8655.02,737329544.9,775418
24/10/2019,7468.47,7503.68,7337.99,7412.41,243246414.9,403778
23/10/2019,8020.06,8047.59,7300,7466.62,488220760.6,610241
22/10/2019,8197.28,8297.99,8000,8020,283535483.4,384699
21/10/2019,8223.35,8333,8142.03,8197.27,250117281.6,367169
20/10/2019,7949.87,8297,7870,8223.35,275899861.7,396091
19/10/2019,7946.89,8098.1,7866.92,7948.01,211909734.1,349746
18/10/2019,8070.71,8115,7816.01,7947.01,248931322.1,399783
17/10/2019,7995.02,8124.92,7929.03,8070.58,238343204.5,356490
16/10/2019,8159.3,8181.16,7917,7991.74,279586845.5,421026
15/10/2019,8346.86,8403,8090,8159.29,270727559.8,399447
14/10/2019,8275.24,8388.85,8203,8348.2,247530733.2,345679
13/10/2019,8301.98,8451.37,8160,8275.01,232149438.4,320051
12/10/2019,8257.95,8400,8250,8300.09,177707852.6,280633
11/10/2019,8557.82,8779.51,8212.38,8258.5,424413201.5,471818
10/10/2019,8562.15,8644,8414.52,8558.03,333925412.3,406932
9/10/2019,8170.79,8670,8115,8560.74,462845251.8,537805
8/10/2019,8190.82,8325,8088.75,8168.39,290675248.1,395685
7/10/2019,7855.3,8299.92,7762,8190.09,420921679.8,482605
6/10/2019,8127.55,8153.87,7785,7854.25,275447898,325795
5/10/2019,8137.09,8183.41,8012.98,8126.19,177252877,237769
4/10/2019,8224.43,8232.41,8005,8137.13,215325611.7,259012
3/10/2019,8360,8393,8060,8223.96,250291751.3,281307
2/10/2019,8292.67,8373.91,8151.22,8359.94,216325351.9,261430
1/10/2019,8289.97,8500,8173.05,8292.44,362980689.9,387653
30/09/2019,8043.04,8337.26,7710,8289.34,449120676.8,455556
29/09/2019,8199.38,8229.13,7890,8043.82,253660600.3,322501
28/09/2019,8177.47,8315,8001.09,8198.81,280672404.7,319113
27/09/2019,8063.49,8265,7852.15,8177.91,352800745.2,369518
26/09/2019,8430.05,8465.99,7750,8063.73,552794530.9,522062
25/09/2019,8497.55,8730,8215.64,8430.05,512437200.4,544806
24/09/2019,9702.2,9794.99,7800,8493.14,838996309.2,748712
23/09/2019,10028.05,10049.99,9615.77,9702.25,314390584.6,332817
22/09/2019,9985.15,10089,9853.97,10028.87,220133631.6,253713
21/09/2019,10167.92,10176.7,9900,9986.39,206034034.5,245439
20/09/2019,10243.7,10281,10061.39,10168.59,255205290.2,267032
19/09/2019,10156.41,10325,9653,10244.29,447676493,429727
18/09/2019,10187.48,10258.02,10100,10156.99,247024351.6,299466
17/09/2019,10249.68,10275,10128.01,10187.82,233944812.6,287483
16/09/2019,10303.34,10355,10078,10251.31,296325130.2,274368
15/09/2019,10332.81,10360,10252.15,10302.01,185853330.4,194733
14/09/2019,10344.13,10419.99,10222.33,10335.02,244063007.1,253929
13/09/2019,10415.01,10439,10153,10342.06,311632094.3,304947
12/09/2019,10158.75,10448.81,10040,10415.01,353390091,317881
11/09/2019,10098.19,10293,9880,10158.33,321637085.5,309120
10/09/2019,10302.58,10384.99,9953,10098.15,294323839.5,286763
9/09/2019,10381.24,10480,10068.5,10303.12,409724831.9,330459
8/09/2019,10455.9,10592.5,10208,10381.18,249900964.4,237752
7/09/2019,10298.71,10558,10288.57,10455.88,287851131.2,272011
6/09/2019,10563.13,10905.87,10150,10298.73,623662984.4,455334
5/09/2019,10565.92,10900,10450,10564.49,358861340.8,309846
4/09/2019,10611.85,10799,10369.89,10567.02,463526509.3,383457
3/09/2019,10340,10773,10272,10615.28,505617667.4,416076
2/09/2019,9723.59,10450,9712.5,10340,448462178.6,354155
1/09/2019,9588.74,9830,9520,9724.98,188513289.1,191324
31/08/2019,9582.76,9684.51,9420.75,9587.47,164116756.5,199188
30/08/2019,9499.01,9696,9350.41,9584.54,255854874.5,259270
29/08/2019,9721,9724,9320,9498.44,337838761.6,343887
28/08/2019,10185.69,10299,9601.01,9721,420034883,381293
27/08/2019,10373.6,10391.08,10051.08,10185.05,289340681.1,292888
26/08/2019,10142.69,10604,10137.93,10372.25,432249835.5,405316
25/08/2019,10134.61,10333,9906.97,10142.69,265132761.3,289956
24/08/2019,10388.16,10419.42,9890,10134.35,279962133.6,313227
23/08/2019,10099.9,10445,10019.79,10389.55,282732431.8,326866
22/08/2019,10140.82,10242,9762,10099.88,341371442.9,401148
21/08/2019,10760.51,10804.13,9858,10142.57,482889274.5,458814
20/08/2019,10914.73,10949.96,10560,10760.51,346664453.1,305065
19/08/2019,10306.17,10930,10258.6,10915.54,396233441,337022
18/08/2019,10216.05,10500,10080,10306.78,248508872.5,265705
17/08/2019,10331.15,10465.14,10000,10216.02,297776329,332795
16/08/2019,10296.77,10536.03,9750,10331.54,527258446.4,504740
15/08/2019,10055.16,10460,9911,10293.93,387705855.1,373368
14/08/2019,10893.36,10897.48,9928.1,10050.37,567724729.1,534507
13/08/2019,11398.35,11456.16,10788.45,10892.71,368994475.5,337834
12/08/2019,11539.08,11577.89,11235.32,11396.08,200325471.6,255966
11/08/2019,11309.24,11600,11112.11,11549.97,304862403.4,306234
10/08/2019,11879.98,11985,11270,11309.31,492217964.5,399237
9/08/2019,11994.17,12045.68,11700,11879.99,467011047.9,410902
8/08/2019,11975.04,12060,11521,11999.77,604389131.1,473584
7/08/2019,11481.69,12141.17,11382.84,11975.03,814597979.1,592916
6/08/2019,11830,12330.7,11226.7,11481.69,904119081.6,625827
5/08/2019,10929.99,11937.52,10927.8,11828.8,757976547.2,622610
4/08/2019,10816.86,11040,10552,10929.23,431793873.4,353721
3/08/2019,10523.75,10904.77,10497.93,10816.86,363852799.9,348893
2/08/2019,10375,10670,10281.35,10523.75,450323284.2,431322
1/08/2019,10080.53,10467.86,9863.46,10374.99,422156523.7,378062
31/07/2019,9575,10109.8,9555,10080.53,389690761.4,364212
30/07/2019,9509.07,9714.28,9402,9574.21,310867928.3,283961
29/07/2019,9541.54,9729,9395,9507.64,277497756.8,294468
28/07/2019,9478.92,9594.99,9165,9541.54,278537286.1,271327
27/07/2019,9824,10188.66,9333,9476.52,424932725,401418
26/07/2019,9882.15,9889.98,9637,9824,265108103.1,299935
25/07/2019,9763.4,10175,9720.03,9879.87,378938450.1,368176
24/07/2019,9864.78,9937,9525,9763.28,422534162.1,424762
23/07/2019,10343.08,10343.97,9822,9864.91,478441909.4,448147
22/07/2019,10590.15,10683.16,10100,10340.31,421016379.4,389565
21/07/2019,10740.27,10817.9,10288,10589.45,409661486,395452
20/07/2019,10505.78,11068.99,10350,10740.23,505569016.4,461660
19/07/2019,10628.64,10769.71,10121.84,10504.29,589931612.3,567735
18/07/2019,9668.86,10788,9252,10627.16,807822745.2,734821
17/07/2019,9430.17,9957,9060,9667.92,809555508.3,757742
16/07/2019,10833.78,11028,9350.01,9439.59,982462166.7,796646
15/07/2019,10174.18,11100,9860,10838.72,851028723.7,732206
14/07/2019,11355.78,11452,10103,10174.18,777646151.6,649043
13/07/2019,11757.22,11799.98,10830,11355.76,614050008,510305
12/07/2019,11342.88,11885,11073,11757.22,649824820.8,537561
11/07/2019,12108.11,12111.73,11000,11342.89,1007356802,760057
10/07/2019,12548.51,13147.08,11569,12108.37,1369749940,899391
9/07/2019,12238.6,12794.73,12068,12543.41,975986802,660273
8/07/2019,11410,12338.03,11220,12238.6,618530684.4,507860
7/07/2019,11256.45,11538,11094.37,11406.24,439439052.9,366769
6/07/2019,10982.41,11665,10964.51,11256.49,585001376.2,470692
5/07/2019,11145.67,11406.83,10796.44,10970.73,705853649,564857
4/07/2019,11940,12000,11055,11145.67,775818897.4,643867
3/07/2019,10844.98,11991.89,10841.04,11940,1097804643,814754
2/07/2019,10624.9,10938.75,9727,10842.85,1128353805,870148
1/07/2019,10854.1,11282.28,10030,10624.93,972343281.9,757458
30/06/2019,11903.13,12180,10766.03,10854.1,971151050.9,711267
29/06/2019,12407.06,12441.54,11475.02,11903.13,829011822.2,732073
28/06/2019,11329.99,12480,10982.88,12400.63,1129888341,883116
27/06/2019,13098.38,13478.04,10525.1,11329.99,2058443849,1357233
26/06/2019,11821.28,13970,11741,13093.8,1996178375,1355074
25/06/2019,11056.59,11850,11026,11820.86,697773986.3,597798
24/06/2019,10905.95,11143.63,10620.8,11056.59,469746663.9,440335
23/06/2019,10729,11392.64,10555.18,10906.07,625330374.7,557935
22/06/2019,10159.86,11160,9921.72,10729.5,1112069568,923334
21/06/2019,9518.06,10174.99,9518.06,10159.86,494783688,474344
20/06/2019,9253.76,9590,9175.2,9517.12,323621848.2,350662
19/06/2019,9081.97,9304,8960,9255.49,293748062.7,306202
18/06/2019,9312.13,9336.36,8950,9081.55,470271954.3,449730
17/06/2019,8953,9444,8950,9313.96,441567296.1,462160
16/06/2019,8810.77,9333,8760,8953.33,574211343,552319
15/06/2019,8650.88,8864.99,8567.63,8808.7,276420769.3,335840
14/06/2019,8216.44,8684.41,8144.32,8650,333475488.6,410072
13/06/2019,8127.64,8309.82,8010.03,8218.54,248418184.8,341246
12/06/2019,7884.9,8200,7788.99,8127.64,333291726.6,361980
11/06/2019,7981,8010,7692.23,7884.9,238031771.5,309059
10/06/2019,7627.57,8020,7511,7982.75,287125340,387179
9/06/2019,7895.28,7935,7506.66,7628.13,243970971,322175
8/06/2019,7978.94,8044.65,7751,7893.62,179047320,250864
7/06/2019,7787.57,8100,7737.49,7980.53,269125728.1,323096
6/06/2019,7778.08,7868.13,7444.58,7786.7,282156410.5,371485
5/06/2019,7687.04,7896.7,7572.78,7776.5,377635818,426120
4/06/2019,8115.66,8115.66,7481.02,7687.03,582173398.3,645913
3/06/2019,8726,8800.95,8080.8,8115.82,387155495,431252
2/06/2019,8545.1,8814.78,8524,8725.98,241414596.7,299353
1/06/2019,8555,8626,8442.36,8544.07,272098436.3,348375
31/05/2019,8267.1,8594,8108.5,8555,373629673.9,416525
30/05/2019,8646.5,9074.26,8005,8269.54,603312537.4,617341
29/05/2019,8716.87,8750,8406.6,8645.68,292094591,352317
28/05/2019,8752.52,8798.49,8510.63,8715.64,273791910.6,349123
27/05/2019,8612.54,8908.32,8589,8756.32,452651204.9,478773
26/05/2019,8023,8740,7833.42,8614.43,409616322.4,377306
25/05/2019,7964.52,8091.8,7908.34,8025.41,227376280.6,264448
24/05/2019,7849.95,8130,7766,7964.87,371381043.7,428676
23/05/2019,7627.8,7940.98,7461,7851.51,381536239.5,449220
22/05/2019,7904.48,8016,7465,7628.43,384730220.7,461337
21/05/2019,7937.16,8042.32,7771,7904.87,413637782.4,554038
20/05/2019,8147.94,8156.03,7553,7938.15,517939277.9,610360
19/05/2019,7257.32,8275.09,7243.08,8148.48,517729474.4,583432
18/05/2019,7355.28,7458,7156.61,7257.45,271170511.1,379504
17/05/2019,7868.67,7925,6913,7355.26,645676487.4,803893
16/05/2019,8169.08,8320,7705,7866.59,557126171.3,666538
15/05/2019,7945.26,8249,7850,8169.87,305196285.3,347533
14/05/2019,7795.62,8366,7599.56,7947.56,611103206,655426
13/05/2019,6968.24,8100,6870,7790.71,648012612.3,588497
12/05/2019,7076.24,7521.78,6750,6967.31,619939454.5,647345
11/05/2019,6375.16,7343.99,6372.85,7076.22,507216001.3,562540
10/05/2019,6209.95,6468.92,6172,6373.33,231801342.4,283074
9/05/2019,5986.66,6224.55,5983.71,6209.18,167489934.3,227841
8/05/2019,5846.34,6014.72,5772.2,5987.29,136245255.6,190966
7/05/2019,5749.92,6028.41,5747.74,5846.34,236176663.8,301388
6/05/2019,5773.18,5805,5619.14,5747.79,144358553.9,230431
5/05/2019,5829.83,5839.9,5696,5775.62,137653160.8,185365
4/05/2019,5770.62,5900,5587.45,5829.45,228942582.5,283145
3/05/2019,5494.81,5844,5477.57,5772.69,264435878.9,338298
2/05/2019,5383.2,5538,5370,5492.87,124498567.2,181896
1/05/2019,5321.94,5402,5316.2,5383.2,92194935.6,161488
30/04/2019,5238.14,5339.98,5192.15,5320.81,117309839.2,180989
29/04/2019,5309.81,5332,5178.8,5238.14,104822151.5,178472
28/04/2019,5295.69,5340,5259.48,5307.52,76277087.37,127730
27/04/2019,5315,5342.5,5257.67,5295.69,81749716.42,145733
26/04/2019,5220.47,5510,5161.62,5314.1,259659705.7,333183
25/04/2019,5415,5491.84,5102,5219.9,265091565.6,331089
24/04/2019,5490.91,5582.2,5333.35,5415,262493252.9,339599
23/04/2019,5357.14,5600,5332.41,5493.31,227154061.9,282563
22/04/2019,5257.41,5400,5208.35,5357.14,156632203,210361
21/04/2019,5292.91,5314.35,5165,5256.14,133929931.2,210494
20/04/2019,5258.68,5333.42,5230.1,5291.73,101343660.2,157080
19/04/2019,5258.44,5320,5175,5258.68,128937309.6,178148
18/04/2019,5202.41,5287,5198.8,5258.44,118573129.9,167110
17/04/2019,5173.72,5230.4,5146.8,5202.82,120972345.5,179490
16/04/2019,5024.95,5197.72,5003.94,5173.72,123581651.7,168550
15/04/2019,5131.28,5167.38,4950,5024.95,147687551.9,204944
14/04/2019,5047.45,5152.99,5000,5131.3,92594930.43,131700
13/04/2019,5047,5099,5004,5045.22,87375984.44,138674
12/04/2019,5017.37,5080.58,4861.22,5048.01,166485761.1,226036
11/04/2019,5307.86,5332.67,4927,5017.37,277736905.9,369304
10/04/2019,5150,5422,5135,5308.25,210870034.5,260967
9/04/2019,5238.38,5238.4,5076.68,5150,175633627.3,253381
8/04/2019,5170.27,5305,5039,5236.9,260487077.8,350828
7/04/2019,5042.07,5234,5026,5170.27,192916750.6,274084
6/04/2019,5004.96,5205,4928.59,5043.89,210963411.6,281237
5/04/2019,4898.64,5028.22,4880.62,5004.95,197660830.7,292375
4/04/2019,4932.59,5039.08,4777,4898.66,301411332,419141
3/04/2019,4857.19,5275.01,4753.5,4932.6,548900970.9,692019
2/04/2019,4144.54,4897.99,4140.54,4857.29,489018726.8,609133
1/04/2019,4102.44,4158.7,4067,4144.56,105388238.1,184268
31/03/2019,4106.99,4116.12,4082.57,4103.95,55472147.13,124046
30/03/2019,4104.24,4140,4052,4106.97,79853835.58,162463
29/03/2019,4028.22,4123.71,4024.03,4103.25,122585822.6,203826
28/03/2019,4039.58,4039.7,4002,4027.81,80822230.58,157060
27/03/2019,3948.77,4048,3936.15,4038.05,129681258,224309
26/03/2019,3935.47,3958.98,3894,3948.55,115330071,192418
25/03/2019,3991.35,3999.3,3888.71,3936.12,131507366.4,227739
24/03/2019,4006.01,4006.02,3950,3992.18,68524082.75,131087
23/03/2019,3987.89,4018.83,3978.01,4006.01,69169819.86,143155
22/03/2019,3980.85,4008,3968.25,3986.93,79861943.81,153703
21/03/2019,4043.04,4069.32,3880.01,3980.64,144010401.5,236100
20/03/2019,4017.48,4050,3980.5,4043.04,94019734.23,175036
19/03/2019,3987.83,4031,3970,4015.53,79503748.36,147394
18/03/2019,3981.85,4037,3953.33,3987.81,89526258.39,157876
17/03/2019,4005.98,4012,3950.01,3981.14,74893913.06,146953
16/03/2019,3924.46,4056.98,3921.98,4005.98,114227606.4,216198
15/03/2019,3877.12,3939.22,3872.2,3923.76,84919900.72,163866
14/03/2019,3866,3920,3810.43,3877.12,104673038.8,196651
13/03/2019,3882.69,3893.56,3840,3866,94680049.46,186572
12/03/2019,3871.61,3905.2,3826.06,3882.73,104393849.4,182885
11/03/2019,3915.99,3936.98,3830,3871.61,147721971.1,209916
10/03/2019,3943.43,3943.43,3881.69,3916.82,90693949.72,167920
9/03/2019,3864.88,3971.75,3854.75,3943.04,121353607,206869
8/03/2019,3873.63,3932,3800,3864.89,135000852,211534
7/03/2019,3861.84,3905.4,3840.4,3873.64,102585458.4,180520
6/03/2019,3857.58,3907,3813.09,3861.84,95417637.59,165101
5/03/2019,3716.1,3877.1,3703.55,3857.73,124945530.8,202444
4/03/2019,3807.32,3830,3670.69,3715.3,129739738.2,218615
3/03/2019,3819.97,3835,3781.32,3807.75,63791898.99,127681
2/03/2019,3822.17,3841.31,3772.25,3819.93,74175357.78,149854
1/03/2019,3814.26,3857,3813.01,3823,88851336.52,179860
28/02/2019,3818.04,3888,3763.87,3813.69,124703738.4,233849
27/02/2019,3809.31,3838.85,3677.17,3818.07,119564023.1,201626
26/02/2019,3828.44,3841.51,3777,3809.23,109932596.1,213897
25/02/2019,3743.56,3872.66,3740,3827.92,145285565.2,262716
24/02/2019,4118,4198,3712.66,3743.56,244146803.5,410578
23/02/2019,3962,4162.02,3933.15,4117.76,135782959.4,231563
22/02/2019,3937.31,3988,3926.65,3962,94739322.75,179588
21/02/2019,3969.74,4016.48,3901.03,3937.31,122714273.9,209571
20/02/2019,3907.35,3986.98,3870.66,3969.74,142571564.6,250176
19/02/2019,3897.35,3994.52,3856,3907.79,197091641,332281
18/02/2019,3667.62,3925,3655,3898.6,242898012.8,393515
17/02/2019,3617.22,3700.11,3604.4,3667.58,93426433.13,179511
16/02/2019,3602.49,3648.2,3597.91,3618.41,70894921.81,149393
15/02/2019,3590.57,3653.23,3573.45,3602.47,74938358.18,151256
14/02/2019,3608.34,3626.4,3568.11,3590.56,78367545.58,155215
13/02/2019,3631.51,3670,3591.75,3609.4,93350740.95,167690
12/02/2019,3631.05,3667.6,3582.34,3631.46,106766440,198996
11/02/2019,3679.75,3684.9,3615.53,3631.05,90731831.9,172626
10/02/2019,3665.18,3684.99,3609.76,3680.06,84696423.96,171099
9/02/2019,3660.27,3680.02,3625.13,3665.18,90488500.07,192209
8/02/2019,3398.4,3733.58,3373.1,3659.04,170118212.5,277242
7/02/2019,3407,3426.45,3390,3398.4,63611505.79,148209
6/02/2019,3471.57,3482.72,3380,3405.37,120500703,207024
5/02/2019,3463.22,3478.97,3448.43,3471.59,87491347.06,162066
4/02/2019,3458.11,3484.88,3433.31,3463.22,80024258.23,155686
3/02/2019,3504.06,3511.09,3426,3458.11,68801620.06,138592
2/02/2019,3462.2,3526.4,3440.29,3504.77,62134037.98,153234
1/02/2019,3434.1,3488,3401.2,3462.07,87075914.23,167520
31/01/2019,3457.5,3489.2,3418.8,3434.1,101928347,198100
30/01/2019,3410.04,3478,3387.1,3458.18,82521122.86,180820
29/01/2019,3434,3443.45,3349.92,3411.04,100542807.5,189650
28/01/2019,3550.05,3557.75,3380.27,3434.15,139258708.8,260799
27/01/2019,3565.62,3579,3486,3550.84,80743416.85,163855
26/01/2019,3566.69,3662.94,3545,3565.25,69841766.65,135369
25/01/2019,3569.07,3587.15,3522.51,3565.29,62634926.46,153413
24/01/2019,3552.97,3589,3529.22,3569.62,74037052.87,162159
23/01/2019,3570.41,3607.98,3514.5,3552.82,88816396.35,192892
22/01/2019,3526.88,3608.5,3434.85,3570.93,103804480.1,195484
21/01/2019,3539.26,3559.51,3475.5,3526.9,69316548.77,160825
20/01/2019,3665.75,3693.73,3475,3539.28,99767239.95,204941
19/01/2019,3594.87,3720,3594.23,3665.3,81354185.9,175054
18/01/2019,3613.32,3620,3565.75,3594.87,81699723.54,177567
17/01/2019,3591.84,3634.7,3530.39,3616.21,106709137,217797
16/01/2019,3553.06,3645,3543.51,3591.84,98504455.21,205159
15/01/2019,3626.08,3648.42,3516.62,3553.06,122785440.2,231684
14/01/2019,3477.56,3671.87,3467.02,3626.09,125631820.1,229452
13/01/2019,3584.1,3611.1,3441.3,3476.81,92882249.47,183113
12/01/2019,3601.31,3618.19,3530,3583.13,78908770.68,175679
11/01/2019,3585.88,3658,3465,3601.31,137560743.6,264996
10/01/2019,3966.06,3996.01,3540,3585.88,221789348,374760
9/01/2019,3955.45,4006.81,3930.04,3966.65,115218950.3,209240
8/01/2019,3976.76,4069.8,3903,3955.13,154778846.5,242898
7/01/2019,3987.62,4017.9,3921.53,3975.45,126830380.5,221219
6/01/2019,3771.12,4027.71,3740,3987.6,142198812.2,240496
5/01/2019,3790.09,3840.99,3751,3770.96,115893501.3,203673
4/01/2019,3767.2,3823.64,3703.57,3792.01,111034550.6,192232
3/01/2019,3857.57,3862.74,3730,3766.78,111657372.7,199812
2/01/2019,3796.45,3882.14,3750.45,3858.56,133876627.2,218538
1/01/2019,3701.23,3810.16,3642,3797.14,88149249.09,154227
31/12/2018,3803.12,3810,3630.33,3702.9,111847216.1,190308
30/12/2018,3696.71,3903.5,3657.9,3801.91,124966229.5,218929
29/12/2018,3839,3892,3670,3695.32,148205200.1,244844
28/12/2018,3567.89,3887.25,3540.04,3839.26,170638519.2,251040
27/12/2018,3777.74,3813.98,3535,3567.91,161915849.9,262733
26/12/2018,3745.56,3837.15,3656.74,3777.74,159705204.5,267746
25/12/2018,4010.11,4020,3646.41,3745.79,235584303,356377
24/12/2018,3929.71,4198,3924.83,4008.01,264628967.1,400403
23/12/2018,3948.91,4021.53,3870,3929.71,158756356.8,258417
22/12/2018,3840.25,3979,3785,3948.91,165085567.6,249148
21/12/2018,4051.86,4139.99,3764,3838.66,325803280,436187
20/12/2018,3660.01,4120,3635,4049.62,399967057.8,500506
19/12/2018,3653,3912.73,3622.55,3662.22,352638213.5,434026
18/12/2018,3509.03,3678.59,3424.47,3652.98,216563775,296433
17/12/2018,3229.22,3585,3216,3509.08,228756567.6,283814
16/12/2018,3211.71,3294,3186,3228.67,80068159.4,125565
15/12/2018,3225.19,3276.5,3156.26,3211.72,95588793.64,139806
14/12/2018,3302.06,3335.39,3177,3224.17,145101409.5,184525
13/12/2018,3446.38,3460,3255.5,3302.06,134817053.7,160471
12/12/2018,3379.23,3492,3350,3445,116227185.8,152067
11/12/2018,3434.01,3480,3324.32,3380.39,121841475.3,162266
10/12/2018,3548.49,3610,3370.11,3432.88,142507933.1,192599
9/12/2018,3411.36,3658,3394.04,3545.37,161618597.8,194567
8/12/2018,3403.57,3495,3222,3410.93,187909876.2,253650
7/12/2018,3508.75,3549.99,3224.6,3403.55,322364604.3,413521
6/12/2018,3768.44,3899.99,3500,3508.75,254722331.5,293512
5/12/2018,3950.98,3970,3745,3769.84,169404368.2,199011
4/12/2018,3884.76,4085,3781,3951.64,191673423.7,220815
3/12/2018,4160.55,4179,3827,3884.01,195055919.5,207134
2/12/2018,4190.98,4312.99,4103.04,4161.01,162917339,178087
1/12/2018,4041.27,4299.99,3963.01,4190.02,186157614.3,205472
30/11/2018,4295.72,4341.36,3943,4041.32,278810574.9,288098
29/11/2018,4262.06,4450.38,4125.65,4295.84,316809038.4,316601
28/11/2018,3875.63,4394.47,3874.27,4264.85,382697308.3,386714
27/11/2018,3864.45,3940,3689.12,3875.21,257593168.1,288731
26/11/2018,4088.69,4206,3701,3862.2,373225761.8,413329
25/11/2018,3933.68,4233,3652.66,4085.78,398253568.5,428171
24/11/2018,4415.63,4527,3824.69,3932.44,258702927.7,275070
23/11/2018,4370.9,4484,4222.94,4420.61,215283656.1,227935
22/11/2018,4661.08,4721.77,4335,4370,157459733.7,180335
21/11/2018,4559.91,4787.2,4413.85,4661.07,281264433.5,301920
20/11/2018,4913.4,5048.24,4326,4558.86,548036628.7,596769
19/11/2018,5661.94,5664,4855,4910.03,368688743.5,378495
18/11/2018,5630.49,5738.17,5617,5662,134893237,154817
17/11/2018,5650.57,5656.6,5565.43,5628.29,148072393.1,171403
16/11/2018,5757.09,5782.89,5549.25,5655.94,219097216,221493
15/11/2018,5917.2,5939.54,5403.42,5753.4,270133503.7,303825
14/11/2018,6458.98,6482.84,5656.87,5922.41,279632622.9,319011
13/11/2018,6451.68,6498,6391.15,6457.66,76142983.15,150940
12/11/2018,6450.71,6497,6421,6453.07,65390882.14,123144
11/11/2018,6435.16,6462.14,6355,6449.81,52709099.32,98435
10/11/2018,6419.99,6475.55,6411,6433.05,49745307.64,97746
9/11/2018,6479.84,6511.53,6391.01,6419.99,75997777.5,117043
8/11/2018,6578.46,6594,6468.22,6479.84,86450363.68,145405
7/11/2018,6522.73,6615.15,6509,6578.46,93820576.63,151060
6/11/2018,6468.99,6531.31,6445.18,6519.11,77336101.19,150475
5/11/2018,6485.85,6504.39,6431.02,6468.99,58127213.14,114235
4/11/2018,6388,6525,6359,6485.85,68169573.19,126200
3/11/2018,6432.8,6439.97,6345,6387.09,48934237.94,83836
2/11/2018,6410,6460.34,6388.2,6433.98,62589428.22,109482
1/11/2018,6369.52,6442.65,6348.66,6410,58031686.83,89601
31/10/2018,6330.01,6428,6245.02,6371.93,76970488.28,111552
30/10/2018,6344.5,6395,6317.01,6330.87,56393439.18,95116
29/10/2018,6489.93,6505.01,6315,6344.5,88484721.04,135586
28/10/2018,6505.6,6514.17,6453,6489.93,37298357.26,71647
27/10/2018,6538.63,6558.35,6463.04,6505.6,50667220.04,86848
26/10/2018,6528.13,6600,6515.01,6538.63,61792487.8,77985
25/10/2018,6566.81,6575.09,6502.8,6528.09,67691945.45,75563
24/10/2018,6553.51,6630,6547.53,6565.5,78795617.02,90762
23/10/2018,6581.2,6595,6515.45,6553.51,90969791.03,86938
22/10/2018,6590.12,6639,6535.27,6581.2,106815019.6,101673
21/10/2018,6585.72,6663.9,6580,6590.11,43146401.59,68018
20/10/2018,6528.88,6617.65,6505.55,6588.4,126325797.5,110809
19/10/2018,6618.96,6648.14,6523,6528.88,136686215.7,112337
18/10/2018,6739.01,6796,6567,6618.96,134777360.2,138002
17/10/2018,6762.76,6811.12,6676.01,6740.89,179641733.2,158746
16/10/2018,6752.5,6900,6670,6759.27,186122772.2,175075
15/10/2018,6339.34,7680,6300,6752.5,627984505.6,456913
14/10/2018,6332.92,6416,6308,6339.34,99527294.08,96113
13/10/2018,6298,6345,6285.07,6332.93,120728651,108981
12/10/2018,6252.71,6360,6209,6298.01,183030273,148077
11/10/2018,6630.21,6633.92,6205,6252.68,308153124.4,253224
10/10/2018,6656.67,6659.95,6530,6631,101609680.9,99789
9/10/2018,6673.01,6685.38,6607,6656.61,102115186.4,101956
8/10/2018,6615.26,6715.6,6587,6673.01,153704602.4,135156
7/10/2018,6596.44,6640,6525,6615.26,114489082.8,82844
6/10/2018,6635.65,6651,6566.77,6594.27,72247942.41,62065
5/10/2018,6591.69,6697,6543.08,6635.65,106264514.7,86701
4/10/2018,6510.01,6643.46,6505.09,6593.79,132348680.7,96824
3/10/2018,6525.79,6549,6430,6510,184622957,150607
2/10/2018,6610,6640,6494,6525.79,185725492.3,147274
1/10/2018,6626.57,6667.09,6510,6611.61,136115257,129733
30/09/2018,6597.66,6662,6533,6626.57,183438992.4,153447
29/09/2018,6634.58,6636,6464.57,6596.38,198424303.6,171027
28/09/2018,6689.12,6814.8,6540.88,6634.58,283144987.5,211849
27/09/2018,6467.84,6750,6434,6689.13,216914853.2,182590
26/09/2018,6445.11,6557.99,6379.7,6465.12,216859675.3,184238
25/09/2018,6581.42,6584.01,6325.02,6447.54,258927200.8,219965
24/09/2018,6706.81,6730,6557,6581.39,234355999.5,185297
23/09/2018,6723.05,6788.23,6661.75,6708,203479219.4,168354
22/09/2018,6759.01,6839.03,6627,6723.05,197210670.9,145720
21/09/2018,6492,6784.86,6491,6759.02,345746942,292494
20/09/2018,6392,6540,6325,6492,161844271.6,153686
19/09/2018,6336.39,6517.7,6123,6391.89,247455364.5,198215
18/09/2018,6248.69,6390,6224.98,6336.45,205736329.4,169055
17/09/2018,6500.08,6533.84,6201,6248.69,228970700.8,196924
16/09/2018,6514.96,6524.62,6370,6505,178614079.2,145921
15/09/2018,6476.63,6565.45,6466.13,6514.96,164557841.1,141362
14/09/2018,6487.39,6584.99,6385.62,6476.63,241466662.6,198375
13/09/2018,6338.62,6535,6337.4,6487.38,260985165.2,215637
12/09/2018,6293,6360,6192.37,6338.62,197398009,165590
11/09/2018,6311.99,6404,6169.68,6294.91,208346648.8,173335
10/09/2018,6252.26,6373.98,6221,6312,204178350,165286
9/09/2018,6185.06,6441,6141.53,6250.81,233583450.1,176709
8/09/2018,6395.54,6478,6111,6185.05,241711345.4,180831
7/09/2018,6516.84,6544,6320,6395.54,250716129.9,194451
6/09/2018,6697.27,6725,6265,6516.01,390391932.2,280845
5/09/2018,7359.05,7397.3,6682,6700,449463489.1,308813
4/09/2018,7263,7410,7227.17,7359.06,258978411.3,183178
3/09/2018,7302,7338.28,7191.63,7263.02,235393601.4,173846
2/09/2018,7201.57,7345.45,7127,7302.01,288526018.7,210282
1/09/2018,7011.21,7275,7008.74,7200.01,287299347.8,217286
31/08/2018,6984.84,7089,6888,7011.21,282722730.1,203142
30/08/2018,7033.21,7063.63,6784.81,6984.84,309357226.6,230848
29/08/2018,7077,7133.81,6912.34,7031.22,304565438.5,223772
28/08/2018,6907.26,7135,6860,7076.11,338220284.3,252033
27/08/2018,6700,6940.51,6646.5,6908.64,254214730.3,205441
26/08/2018,6733.64,6775.27,6568,6700,134117930.4,130769
25/08/2018,6686.98,6789,6650.61,6733.64,129083702.5,122483
24/08/2018,6525,6725,6440.5,6681.64,251513064.5,180167
23/08/2018,6362.57,6576.99,6342.28,6525.01,259786384.6,187637
22/08/2018,6479.98,6882.54,6251.2,6360.89,512501182.2,326562
21/08/2018,6251,6500,6235.08,6480,265458342.8,180578
20/08/2018,6477.53,6530,6220,6254.84,317617945.7,237055
19/08/2018,6387.96,6541,6300,6477.53,289271954.6,190758
18/08/2018,6579.04,6620,6288,6387.96,345964004.4,276121
17/08/2018,6316,6585,6285.4,6584.49,374472431.7,296730
16/08/2018,6265.27,6480,6205.6,6311.75,307755605.2,228942
15/08/2018,6188.08,6609,6172.11,6267.16,439109005.4,329413
14/08/2018,6248.25,6250.33,5880,6188.08,303179556.4,252004
13/08/2018,6308.56,6545,6145.04,6246.35,341552293,239602
12/08/2018,6222.55,6472.3,6130,6308.33,243227298.9,190399
11/08/2018,6148.13,6488,5971,6232.35,291056267.1,236173
10/08/2018,6529.79,6575.88,6026.39,6144.01,374699380.9,289661
9/08/2018,6283.27,6622.81,6178.6,6529.79,332880900.9,248573
8/08/2018,6720.63,6721.54,6123,6285,382460776.5,305603
7/08/2018,6935,7150.46,6670,6720.06,316365882.1,247202
6/08/2018,7024.19,7160,6821,6934.82,229071781.1,177378
5/08/2018,7009.84,7089.87,6882.29,7024.19,229992627.5,148658
4/08/2018,7412.27,7494.81,6926,7009.84,262282965.5,199335
3/08/2018,7525.71,7540,7282.44,7418.78,330599837.7,226727
2/08/2018,7600.08,7709.46,7455.72,7525.71,285656680.7,175627
1/08/2018,7735.67,7750,7430,7604.58,322252070.4,208008
31/07/2018,8171.4,8180,7633,7730.93,379841367.2,239132
30/07/2018,8210.99,8273,7866,8173.92,321599782.2,206911
29/07/2018,8225.04,8294.51,8115,8211,209564023.1,144331
28/07/2018,8188.57,8246.54,8067,8225.04,214357817,144170
27/07/2018,7920,8285,7805,8188.57,350881696.8,227397
26/07/2018,8175.63,8315.69,7850.06,7920,352101207.7,235681
25/07/2018,8397.24,8491.77,8050,8175.64,398119757.8,277935
24/07/2018,7721.65,8486,7696,8397.24,487117211.7,326329
23/07/2018,7394.78,7833,7375,7721.01,320156546.6,219776
22/07/2018,7399.25,7582.4,7335.5,7394.79,225619234.8,144711
21/07/2018,7337.47,7458.47,7211,7398.78,212126417.2,164901
20/07/2018,7468.86,7700,7273,7337.53,342862693.1,251391
19/07/2018,7381.88,7576.28,7270,7466.21,305198281.1,235597
18/07/2018,7317.44,7588.08,7225.38,7381.9,440669913.2,327949
17/07/2018,6723.33,7468.99,6652.04,7317.44,364669305,276178
16/07/2018,6354.15,6747.3,6330.4,6723.35,237104112.5,201733
15/07/2018,6250.9,6395,6225.4,6353.01,145409822.7,114997
14/07/2018,6214.57,6335,6178,6251.99,110959488.2,108052
13/07/2018,6251.4,6350,6110,6214.57,164467999.8,144757
12/07/2018,6378.07,6380.28,6070,6250.57,194325733.8,150985
11/07/2018,6296.91,6406,6278.99,6378.07,182357469,151869
10/07/2018,6662.78,6681,6263,6296.91,249099760.2,189913
9/07/2018,6712.1,6802.06,6612.24,6662.12,179250573.7,147315
8/07/2018,6753.48,6780,6667.44,6712.1,165941351.8,145349
7/07/2018,6609.79,6818.16,6508.88,6756.98,158034155.2,145449
6/07/2018,6529.2,6648.54,6425,6609.78,192230903.7,193854
5/07/2018,6585.53,6712,6453.33,6529.2,230809190.3,216533
4/07/2018,6511.01,6784.92,6441.11,6586.98,156277884.3,146203
3/07/2018,6615.29,6679.35,6463.01,6513.86,254550438.1,232914
2/07/2018,6360.82,6685,6271.62,6615.29,235524330.6,242589
1/07/2018,6391.08,6441.06,6251,6356.81,175096501.5,183060
30/06/2018,6197.92,6528.99,6186.03,6390.07,241568568,230915
29/06/2018,5851.01,6300,5780,6197.92,201409363.9,212542
28/06/2018,6134.73,6173.01,5827,5853.98,185247010.9,156241
27/06/2018,6065.89,6190.43,5971,6133.73,117103011.8,99481
26/06/2018,6252,6272.54,6035,6070.78,119676555.6,113431
25/06/2018,6137.95,6350,6061.97,6252,242859915.8,218384
24/06/2018,6149.98,6259.8,5750,6136.97,284095336.1,275996
23/06/2018,6045.92,6260,6008.48,6149.98,162755765.8,170164
22/06/2018,6717.69,6733.97,5918.94,6045,327460666.9,300515
21/06/2018,6763.21,6795,6672.57,6718.84,171149859.2,159783
20/06/2018,6740,6817.23,6551.81,6761.51,175935335.7,166074
19/06/2018,6711.39,6841.74,6653,6741.21,163420093.8,160490
18/06/2018,6444.06,6794.38,6380,6712.46,208570444,180773
17/06/2018,6482.5,6589.03,6422,6449.61,129120718.8,129759
16/06/2018,6380.01,6560,6320.86,6483.98,143760033.7,140470
15/06/2018,6638.67,6666.66,6362.31,6388.9,196192096.1,184938
14/06/2018,6292.78,6720,6260,6635.98,289074808.8,256384
13/06/2018,6530,6627.6,6118.68,6292.78,295395681.7,266517
12/06/2018,6872,6890.51,6435,6530,245787800.8,224658
11/06/2018,6765,6922,6610,6872,233056682.9,203442
10/06/2018,7491.73,7491.73,6622.81,6764.99,367338754.6,471088
9/06/2018,7603.44,7683.98,7450,7491.73,147171153.4,278971
8/06/2018,7691.08,7703.5,7531,7603.44,178204158.4,321734
7/06/2018,7658.79,7765,7620,7691.08,192949056.8,244186
6/06/2018,7626.64,7699,7467.05,7658.84,207006657.8,257573
5/06/2018,7487,7679.49,7358,7625,237722147.7,236865
4/06/2018,7714.26,7760.52,7446.5,7487,244167051.2,307003
3/06/2018,7636.81,7786.69,7600,7714.26,211737376.9,349636
2/06/2018,7521.01,7697.33,7437,7640.03,203370447.7,290131
1/06/2018,7485.01,7608.55,7355.54,7521.01,211458512.1,303069
31/05/2018,7382.07,7699,7327.51,7485.01,231017579.8,274399
30/05/2018,7467.98,7569,7260.5,7375.96,237956894,242079
29/05/2018,7099,7540,7032.95,7461.29,288070643.9,237359
28/05/2018,7338.99,7437,7058.02,7099,196788994.3,233392
27/05/2018,7334,7400,7231.11,7338.99,136710618.5,198341
26/05/2018,7456.99,7620,7300,7333.96,145636226.5,212344
25/05/2018,7578.99,7649.55,7308.15,7457,199749586,239025
24/05/2018,7501.95,7730.73,7266.99,7575.01,284286378.5,253694
23/05/2018,7977.12,8031.9,7425,7501.95,331238049.6,306812
22/05/2018,8386.89,8400.18,7935.11,7977.11,194335432.4,192154
21/05/2018,8526.97,8595.31,8305,8381.24,181750674.8,184158
20/05/2018,8233.49,8609,8163.9,8526.98,167440553.7,161265
19/05/2018,8238.01,8390.8,8095.73,8233.49,141878775.4,134185
18/05/2018,8038.82,8273.21,7911.9,8239.81,189870380.9,183913
17/05/2018,8330,8464,7979,8041.46,209489039.3,310780
16/05/2018,8462,8488,8083.01,8330,257056552.4,300842
15/05/2018,8663.37,8859.99,8401.3,8462,242341031.1,360379
14/05/2018,8679.71,8879.99,8277,8663.34,320583612.2,292731
13/05/2018,8475.44,8763.36,8298,8679.71,219455683.1,215590
12/05/2018,8405.94,8646.88,8153,8465.94,337899865.9,310305
11/05/2018,9002.21,9016.8,8341,8400,418859806.5,365538
10/05/2018,9310,9395.12,8970,9002.2,231595002.6,221075
9/05/2018,9178,9390,8965,9310,235736782.3,192337
8/05/2018,9365,9475.7,9060.54,9187.56,236418155.7,189159
7/05/2018,9661.02,9689.67,9181,9365,316015961.4,230754
6/05/2018,9863.99,9970,9417.03,9659.01,267359420.3,229309
5/05/2018,9714,10020,9682,9864,246807563.5,212076
4/05/2018,9750,9830.04,9520.85,9713.99,277565997.6,210165
3/05/2018,9247.81,9844,9168.4,9750,366028365.2,282581
2/05/2018,9071.48,9268,8970.2,9247.84,238421833.8,188258
1/05/2018,9246.01,9248.99,8800.49,9071.48,368688349.6,268741
30/04/2018,9417.04,9458.64,9124.99,9246.01,325019389.2,285951
29/04/2018,9348,9570.51,9163.74,9419,357004896,311494
28/04/2018,8915.35,9427.48,8870,9348,321653866.2,257288
27/04/2018,9267.03,9395,8889,8915.35,342805674.6,268471
26/04/2018,8869.99,9307.48,8651.62,9266,385046648.1,285850
25/04/2018,9618.96,9759.82,8730,8869.99,745137763,477363
24/04/2018,8934,9731.01,8922,9619.99,431210048.1,326608
23/04/2018,8785.7,8985,8745,8934.01,229754640.6,190944
22/04/2018,8915.31,9020.67,8727.68,8787.02,261804372.9,229871
21/04/2018,8852.12,9035,8565,8915.31,358915978.1,295374
20/04/2018,8273.84,8930,8177.09,8856.98,337288580.4,289687
19/04/2018,8173.99,8296,8080,8278,222675105.8,196821
18/04/2018,7890.96,8236.43,7868,8173,217649160.1,183472
17/04/2018,8064.92,8173.7,7825.4,7885.02,258221765.6,221228
16/04/2018,8355.07,8419,7867,8064.92,295817536.5,226748
15/04/2018,8004,8429.54,7999.02,8355,230287099.6,181778
14/04/2018,7877.48,8186,7810,7999.01,252868761.3,194500
13/04/2018,7922.99,8233.39,7732,7877.41,439884522.7,351905
12/04/2018,6953.78,8012.23,6743.2,7923,485176252.5,404588
11/04/2018,6839.56,6990,6787,6953.79,165264003.4,155607
10/04/2018,6781.55,6890,6656,6843.9,151417844.3,147755
9/04/2018,7011.04,7185,6611,6782.72,234309953.8,212669
8/04/2018,6895.81,7109.13,6880,7018,149967346.7,152461
7/04/2018,6601.39,7070,6586.28,6895.8,222323863.5,178577
6/04/2018,6770,6850,6500,6601.39,182139799.8,162456
5/04/2018,6796.1,6902,6566.69,6770.76,263446941.1,238476
4/04/2018,7405.21,7427.52,6707,6796.1,297443582.7,277249
3/04/2018,7063.97,7520,7011.01,7405.21,277080072.8,248143
2/04/2018,6813.01,7125,6765,7056,224322159.4,206780
1/04/2018,6922,7049.98,6430,6813.01,297470498.8,260942
31/03/2018,6840.24,7223.36,6777,6923.91,258341534.5,240293
30/03/2018,7090.16,7292.43,6600.1,6840.23,450352009.2,400057
29/03/2018,7949.3,7975,6941.11,7090.14,405591158.6,359537
28/03/2018,7795.51,8109,7728,7949.3,209186093.2,183620
27/03/2018,8134.22,8215.94,7730,7795.51,297609656.4,266540
26/03/2018,8470.14,8514.89,7831,8134.23,358429758.9,310462
25/03/2018,8531.25,8669.85,8365.77,8470.15,247023172.3,215660
24/03/2018,8898.04,8999.95,8491,8546.86,313254829.9,270300
23/03/2018,8720,8909,8269,8898.03,340755592.5,278571
22/03/2018,8884.82,9100,8465.1,8722.9,354804129.3,276449
21/03/2018,8909.96,9177.01,8750.6,8885,358157473.4,293696
20/03/2018,8595.01,9050,8280,8909.98,387879393.5,298261
19/03/2018,8189,8705.23,8088.4,8600,462654339,360414
18/03/2018,7824.01,8317.4,7322,8189.99,458311733.5,423336
17/03/2018,8260,8348.62,7721.99,7824.8,265973111.6,292041
16/03/2018,8240.98,8611.64,7900,8260,322355002.2,255807
15/03/2018,8184.01,8430,7650,8240.98,422130717.5,400529
14/03/2018,9151.92,9333.78,7900.28,8170,426058009.8,399127
13/03/2018,9131.34,9474,8823,9150,367353984.7,342734
12/03/2018,9533.57,9888.88,8780,9131.34,395562731.9,336642
11/03/2018,8770.22,9740,8450,9533.57,403491260.9,333367
10/03/2018,9230,9490,8667.07,8770.22,341210248.4,288066
9/03/2018,9267.07,9410,8329,9227,567082901.1,462712
8/03/2018,9910,10099,9060,9271.64,394641280.6,336514
7/03/2018,10716.48,10899,9389.31,9910,514808033.5,396721
6/03/2018,11455,11455,10555.48,10716.48,323842216.6,250306
5/03/2018,11515,11710,11415.01,11454,174866951.4,164318
4/03/2018,11464.47,11565,11050.02,11515,194849579.1,168359
3/03/2018,11038.99,11544,11015.01,11464.48,241749497.9,190444
2/03/2018,10923.36,11200,10770,11039,262936307,211691
1/03/2018,10325.64,11060.41,10240,10920,268172535.4,230428
28/02/2018,10584.33,11098,10300,10326.76,327914696.1,277886
27/02/2018,10321,10870,10121,10569.04,324295371.1,240542
26/02/2018,9590,10444.32,9350,10324,347559259.7,285276
25/02/2018,9694.51,9847,9274.8,9590,271286599.1,233567
24/02/2018,10131.04,10496.97,9352,9694.51,405618586.6,337918
23/02/2018,9815.55,10435,9570.19,10131.04,571800753.5,467480
22/02/2018,10439.02,10933.44,9679,9811.04,682006373.9,506273
21/02/2018,11195.07,11304.03,10200,10437.6,731537130.5,542340
20/02/2018,11147.11,11786.01,11100.59,11200.99,551573232.2,432197
19/02/2018,10375.01,11250,10270.33,11153,443766562.7,366882
18/02/2018,11039.55,11274,10080,10383.43,649423311.3,537534
17/02/2018,10156.07,11075.07,10050,11039.55,446012696.2,413585
16/02/2018,10000.89,10323.37,9666,10159.98,381103299.2,405310
15/02/2018,9449.98,10219.5,9301.5,10000.09,512388484.7,608349
14/02/2018,8535.17,9489.6,8533,9449.99,370126692.7,514897
13/02/2018,8903,8950,8351,8539.9,305165143.7,401893
12/02/2018,8063.82,8989,8053,8903,362440827,477660
11/02/2018,8533.99,8549,7726.53,8063.88,366966437.2,524626
10/02/2018,8683.93,9065.78,8120,8533.98,423411421.9,537578
9/02/2018,7789.9,8738,7789.9,8683.92,173348469.8,273091
8/02/2018,7599,7844,7572.09,7784.02,11770168.04,12417
7/02/2018,7655.02,8476,7150.01,7599,477935038.8,514893
6/02/2018,6939.63,7878,6000.01,7652.14,684364276.4,785996
5/02/2018,8179.99,8382.8,6625,6939.99,471166218.7,533510
4/02/2018,9199.96,9368,7930,8184.81,274912288.4,356134
3/02/2018,8873.03,9473.01,8229,9199.96,256834729.1,327519
2/02/2018,9224.52,9250,8010.02,8873.03,434236483.7,453411
1/02/2018,10285.1,10335,8750.99,9224.52,317636346,316020
31/01/2018,10230,10425.85,9700,10285.1,181644207.1,201422
30/01/2018,11250.11,11308.42,9900,10237.51,268978329.5,259212
29/01/2018,11879.95,11975.02,11139.55,11251,162110154.9,169199
28/01/2018,11499.98,12244,11408,11879.95,200211582.9,206247
27/01/2018,11089,11650,10842.69,11491,212663199.5,207478
26/01/2018,11184.7,11643,10311.15,11089,360482470.2,314720
25/01/2018,11349.96,11794.05,10950.21,11175.27,236081365,221040
24/01/2018,10799.14,11570.48,10500,11349.99,299470607.4,293429
23/01/2018,10760.05,11399,9905,10799.18,399419413.2,355286
22/01/2018,11530,11926.35,9900.24,10760.05,475716514.2,363264
21/01/2018,12799.8,12799.8,10965,11530,485289230.8,360207
20/01/2018,11474.98,13099,11412.45,12799.94,358561107.8,251647
19/01/2018,10960,11795,10360,11474.98,382773499.2,273271
18/01/2018,10972.59,11878.82,10435.33,10961.97,541289614.1,393112
17/01/2018,10899.99,11680.99,9037.94,10988.79,744154180.1,517293
16/01/2018,13500,13542.93,9035,10900,722150828.1,418243
15/01/2018,13477.98,14249.99,13147.79,13539.93,200614554.5,145362
14/01/2018,14210,14339.5,12569.2,13474.99,226525305.1,152364
13/01/2018,13749.95,14580,13706.15,14210,173086488.5,123639
12/01/2018,13238.76,14109.78,12500,13740.01,222516076.3,134452
11/01/2018,14940,14968.68,11400,13238.78,446587594.7,239416
10/01/2018,14401,14955.66,13131.31,14907.09,244011366.8,161476
9/01/2018,14902.54,15500,14011.05,14400,210630187.5,156656
8/01/2018,16218.85,16322.3,12812,14902.54,396569997.2,208642
7/01/2018,17069.79,17099.96,15610,16150.03,206194706.4,120269
6/01/2018,16960.39,17143.13,16011.21,17069.79,309216921,158242
5/01/2018,15059.56,17176.24,14600,16960.39,369321956.5,192969
4/01/2018,14919.51,15280,13918.04,15059.54,312781583.8,170310
3/01/2018,14690,15307.56,14150,14919.51,236116868.3,162787
2/01/2018,13382.16,15473.49,12890.02,14675.11,279717107.4,177728
1/01/2018,13715.65,13818.55,12750,13380,114799747.4,105595
31/12/2017,12345.1,14050.11,12149.98,13716.36,155283285.4,138893
30/12/2017,14378.99,14398.85,11750,12440.01,247803953.8,190204
29/12/2017,14199.14,14981,13850,14378.9,260911629.2,142100
28/12/2017,15459.97,15539.99,13150,14182.11,303401228,178032
27/12/2017,15709.98,16498.05,14200.15,15459.99,231229932.5,142202
26/12/2017,13699.34,16050,13533,15689.01,224843731.9,133133
25/12/2017,13500,14300,12708,13699.34,213139657.6,116416
24/12/2017,13300,13819.99,11640,13500,365709589.6,173557
23/12/2017,13326.61,14950,12978.18,13300,184759685.3,135005
22/12/2017,15514.03,15699.34,10961,13326.61,477509934.7,243261
21/12/2017,16480.52,17309.5,14022,15492.64,320176825.3,117731
20/12/2017,17295.2,17720.35,14777.66,16488.98,221193892.5,129762
19/12/2017,18856.25,18950,16300,17295.2,232790625.9,116569
18/12/2017,18860.04,19300,17029.98,18856.25,196339245.7,91956
18/12/2017,18860.02,19300,17029.98,18856.25,190057336.9,NULL
17/12/2017,19102.66,19798.68,18510,18860.02,172113390.5,NULL
16/12/2017,17539.83,19539,17190.01,19102.66,74736577.26,NULL
15/12/2017,16334.98,17991,16298.45,17539.83,156645098.6,NULL
14/12/2017,16033.29,16445,15450,16334.98,179714368.7,NULL
13/12/2017,16349.99,16546,14666.56,16033.29,193659309.9,NULL
12/12/2017,16587.97,16976.45,15875,16349.99,153618681.2,NULL
11/12/2017,14899.98,17470,14899.98,16587.97,189991754.6,NULL
10/12/2017,14656.07,15720.12,12368,14899.98,227450819.9,NULL
9/12/2017,15880,16269.3,12535,14656.07,202610478.6,NULL
8/12/2017,16599,17204.99,14015,15880,267790028.5,NULL
7/12/2017,13550.05,16649.96,13050,16599,106276261.2,NULL
6/12/2017,11699.99,13615.23,11665.58,13550.05,82493149.76,NULL
5/12/2017,11579,11853,11447.68,11699.99,64256817.15,NULL
4/12/2017,11165.41,11600,10802,11579,52088059.28,NULL
3/12/2017,10890.01,11825,10500,11165.41,58847089.26,NULL
2/12/2017,10782.99,11190,10620,10890.01,51343786.05,NULL
1/12/2017,9838.96,10898,9380,10782.99,61238619.44,NULL
30/11/2017,9687.88,10900,8850.8,9838.96,89443707.91,NULL
29/11/2017,9896.8,11300.03,8520,9687.88,132892125.4,NULL
28/11/2017,9650,9939,9570.5,9896.8,47842436.8,NULL
27/11/2017,9128.02,9654.28,9112.04,9650,42510408.37,NULL
26/11/2017,8700.01,9350,8604.72,9128.02,36788798.23,NULL
25/11/2017,8138,8734.78,8090,8700.01,35557462.89,NULL
24/11/2017,8019.99,8369,7850,8138,35190695.02,NULL
23/11/2017,8205.92,8260,8000,8019.99,33078791.97,NULL
22/11/2017,8119.51,8322.68,8091.09,8205.92,28909672.15,NULL
21/11/2017,8212,8400,7801,8119.51,36459262.83,NULL
20/11/2017,8038,8319.99,7954,8212,31325904.01,NULL
19/11/2017,7761.94,8123.15,7650.33,8038,30155811.14,NULL
18/11/2017,7699.19,7819.99,7422,7761.94,30018085.64,NULL
17/11/2017,7864.5,7989,7451,7699.19,30331551.17,NULL
16/11/2017,7240.06,7940,7076,7864.5,17218742.72,NULL
15/11/2017,6574.99,7298,6574.99,7240.06,12209260.29,NULL
14/11/2017,6465.99,6684.98,6311.07,6574.99,8002218.02,NULL
13/11/2017,5811.03,6697.47,5699.99,6465.99,16021297.87,NULL
12/11/2017,6245.05,6630,5325.01,5811.03,29032268.06,NULL
11/11/2017,6506.98,6797.98,6100,6245.05,17244601.14,NULL
10/11/2017,7079.99,7279.91,6255.01,6506.98,21622898.73,NULL
9/11/2017,7303,7392,7015,7079.99,13654254.41,NULL
8/11/2017,7064.04,7770,6651,7303,19801967.39,NULL
7/11/2017,6960.12,7198.49,6901,7064.04,10043061.88,NULL
6/11/2017,7345.01,7401,6906,6960.12,12518224.29,NULL
5/11/2017,7357.09,7590.25,7279.02,7345.01,8887109.79,NULL
4/11/2017,7115.04,7480.99,6901,7357.09,9967485.56,NULL
3/11/2017,7019.98,7346.34,6923,7115.04,13371961.76,NULL
2/11/2017,6753.98,7300,6685.1,7019.98,17065694.69,NULL
1/11/2017,6463,6774.67,6338.02,6753.98,10848260.96,NULL
31/10/2017,6120.5,6498.01,6100,6463,9405855.26,NULL
30/10/2017,6169.98,6248.68,6030,6120.5,8989412.91,NULL
29/10/2017,5719.64,6189.88,5648.01,6169.98,10494670.52,NULL
28/10/2017,5768.83,5850.02,5630.03,5719.64,7265286.61,NULL
27/10/2017,5861.77,5980,5649.24,5768.83,8110889.65,NULL
26/10/2017,5689.99,5939.99,5650,5861.77,11340558.63,NULL
25/10/2017,5477.03,5704.96,5286.98,5689.99,12398533.97,NULL
24/10/2017,5915.93,5925,5450,5477.03,14426687.47,NULL
23/10/2017,5950.02,6080,5621.03,5915.93,10468709.39,NULL
22/10/2017,6024.97,6060,5720.03,5950.02,7951487.14,NULL
21/10/2017,6010.01,6171,5850.03,6024.97,10031910.73,NULL
20/10/2017,5683.9,6110,5600,6010.01,11235714.66,NULL
19/10/2017,5512.06,5710,5490.26,5683.9,10537781.67,NULL
18/10/2017,5595,5596,5037.95,5512.06,12337122.76,NULL
17/10/2017,5760.02,5774.98,5508.63,5595,7998644.63,NULL
16/10/2017,5709.99,5788.91,5585.19,5760.02,8628528.43,NULL
15/10/2017,5869.99,5922.3,5400.01,5709.99,7474934.37,NULL
14/10/2017,5649.98,5900,5580.01,5869.99,5507933.89,NULL
13/10/2017,5430,5846.17,5379.84,5649.98,10519034.83,NULL
12/10/2017,4821.43,5439.99,4810.16,5430,6610146,NULL
11/10/2017,4783.06,4881.61,4710,4821.43,3529503.87,NULL
10/10/2017,4786.95,4960,4680.59,4783.06,5011470.95,NULL
9/10/2017,4640,4889.98,4550,4786.95,3006465.77,NULL
8/10/2017,4423,4658,4423,4640,2282412.29,NULL
7/10/2017,4369,4479.5,4312.56,4423,1261367.6,NULL
6/10/2017,4292.43,4417,4292,4369,2193131.64,NULL
5/10/2017,4208.59,4355,4110,4292.43,3216620.42,NULL
4/10/2017,4310,4373,4142,4208.59,3639917,NULL
3/10/2017,4380,4467.33,4180.8,4310,4579122.09,NULL
2/10/2017,4378.48,4561.63,4360,4380,2811131.03,NULL
1/10/2017,4378.51,4406.52,4240.04,4378.48,3128231.71,NULL
30/09/2017,4174.69,4380,4138.1,4378.51,3025265.75,NULL
29/09/2017,4174.5,4263.86,3952.01,4174.69,6403068.39,NULL
28/09/2017,4193,4300,4101,4174.5,3510052.09,NULL
27/09/2017,3882.35,4249.94,3872.81,4193,2542872.29,NULL
26/09/2017,3920.75,3976.99,3850.05,3882.35,2047857.28,NULL
25/09/2017,3660.02,3979.87,3653.69,3920.75,2755957.53,NULL
24/09/2017,3780,3789.99,3622.76,3660.02,2439045.2,NULL
23/09/2017,3595.87,3817.19,3542.91,3780,2781158.57,NULL
22/09/2017,3609.99,3750,3505.55,3595.87,3011224.81,NULL
21/09/2017,3900,3910,3567,3609.99,3642671.89,NULL
20/09/2017,3910.04,4046.08,3820,3900,2834260.05,NULL
19/09/2017,4035.01,4089.97,3830.91,3910.04,3544361.84,NULL
18/09/2017,3699.99,4123.2,3690,4035.01,4059703.98,NULL
17/09/2017,3714.95,3748.21,3499.02,3699.99,2445321.19,NULL
16/09/2017,3700,3950,3470.66,3714.95,4739326.89,NULL
15/09/2017,3189.02,3856,2817,3700,6525220.95,NULL
14/09/2017,3944.69,3993,3165.13,3189.02,5831847.65,NULL
13/09/2017,4163.72,4165.38,3760,3944.69,3522155.98,NULL
12/09/2017,4208.47,4394.59,4040.8,4163.72,3700789.23,NULL
11/09/2017,4130.37,4334.43,4098.91,4208.47,2895733.88,NULL
10/09/2017,4258.81,4283,3801,4130.37,2653218.2,NULL
9/09/2017,4282.8,4426.62,4150.06,4258.81,2814560.35,NULL
8/09/2017,4691.61,4735.39,4028.93,4282.8,4764005.93,NULL
7/09/2017,4619.77,4788.59,4438.19,4691.61,2219664.92,NULL
6/09/2017,4366.47,4662.87,4335.26,4619.77,3500735.96,NULL
5/09/2017,4100.11,4484.99,3603,4366.47,4863148.22,NULL
4/09/2017,4509.08,4527.49,3972.51,4100.11,5550545.61,NULL
3/09/2017,4472.14,4714.76,4298.33,4509.08,3011023.5,NULL
2/09/2017,4834.91,4939.19,4286.87,4472.14,4072965.36,NULL
1/09/2017,4724.89,4885.55,4654.88,4834.91,2634056.29,NULL
31/08/2017,4555.14,4745.42,4555.14,4724.89,2548384.43,NULL
30/08/2017,4587.48,4647.51,4416.01,4555.14,3600737.68,NULL
29/08/2017,4386.69,4625.85,4313.55,4587.48,2640584.83,NULL
28/08/2017,4310.01,4399.82,4124.54,4386.69,2546618.75,NULL
27/08/2017,4337.44,4400,4285.54,4310.01,1507589.96,NULL
26/08/2017,4280.68,4367,4212.41,4337.44,967753.32,NULL
25/08/2017,4316.01,4453.91,4247.48,4280.68,2440323.79,NULL
24/08/2017,4114.01,4371.68,4085.01,4316.01,3225405.8,NULL
23/08/2017,4040,4265.8,4013.89,4114.01,4062506.52,NULL
22/08/2017,4016,4104.82,3400,4040,3648726.5,NULL
21/08/2017,4086.29,4119.62,3911.79,4016,2770592.06,NULL
20/08/2017,4139.98,4211.08,4032.62,4086.29,1915636.35,NULL
19/08/2017,4108.37,4184.69,3850,4139.98,1508239.39,NULL
18/08/2017,4285.08,4371.52,3938.77,4108.37,4994493.56,NULL
17/08/2017,4469.93,4485.39,4200.74,4285.08,2812379.11,NULL
